Client_ID,Revenu_Annuel,Montant_Transactions,Frequence_Achats,Historique_Credit,Taux_Endettement,Age_Client,Etat_Civil,Nombre_Enfants,Type_Emploi,Duree_Emploi,Proprietaire_Maison,Score_Credit,Retards_Paiement
1,35795,3077.020589238507,23,Mauvais,0.37757983620406277,31,Divorcé,3,Chômeur,13,Non,756,0
2,20860,1297.3304617768072,26,Moyen,0.1918392643015875,28,Marié,0,Salarié,4,Non,434,0
3,96820,2541.413719459807,4,Bon,0.147020520060088,43,Célibataire,4,Salarié,17,Oui,563,0
4,74886,1718.7075582764785,18,Moyen,0.16611379605718296,59,Divorcé,2,Indépendant,18,Non,363,0
5,26265,4675.089936423386,23,Bon,0.10079685408762812,44,Divorcé,5,Indépendant,14,Non,790,1
6,102386,136.91837935696623,6,Moyen,0.38749584714141216,28,Divorcé,4,Salarié,5,Non,340,0
7,57194,1204.1307087913883,3,Bon,0.3929604196233517,55,Marié,2,Chômeur,26,Non,595,0
8,107498,1890.2484164028824,22,Moyen,0.3059733399653038,51,Célibataire,5,Salarié,10,Oui,302,1
9,64131,2490.2680239628157,11,Bon,0.16454512042215347,60,Divorcé,5,Salarié,20,Non,409,0
10,80263,4269.005837397117,15,Bon,0.1334217350042759,36,Célibataire,5,Chômeur,10,Non,520,1
11,36023,530.649360246705,22,Bon,0.1076515865749148,23,Divorcé,1,Chômeur,19,Oui,669,0
12,61090,4048.737945031603,28,Bon,0.1662992707860883,63,Divorcé,5,Indépendant,19,Oui,667,0
13,87221,372.70209784917915,5,Bon,0.4563422139932587,69,Célibataire,3,Indépendant,20,Oui,735,1
14,84820,4227.3387729610895,20,Bon,0.19661473668067272,55,Célibataire,0,Indépendant,17,Oui,303,2
15,20769,353.0138415851129,10,Bon,0.24170853088688626,66,Célibataire,3,Indépendant,24,Non,543,0
16,79735,189.38815899896912,12,Bon,0.14213819379253329,59,Marié,0,Chômeur,17,Oui,465,0
17,82955,3515.1111655954655,15,Bon,0.18894452189926814,45,Divorcé,4,Salarié,9,Non,325,0
18,84925,4986.552120365132,17,Moyen,0.307689828312082,18,Marié,4,Indépendant,1,Non,694,1
19,87969,4493.390288572702,10,Bon,0.343101073238261,52,Célibataire,0,Indépendant,25,Oui,773,0
20,25311,2922.392247247734,6,Mauvais,0.19814092566648445,57,Divorcé,3,Chômeur,29,Oui,316,1
21,103104,4595.238504119105,18,Moyen,0.12309286369004689,25,Marié,0,Chômeur,8,Oui,391,1
22,73707,125.97003134826655,13,Moyen,0.25641314765095946,69,Divorcé,5,Salarié,13,Oui,782,0
23,105305,4877.829098431198,3,Bon,0.19368134837053366,64,Marié,1,Salarié,18,Oui,842,0
24,48693,2504.669018368044,24,Moyen,0.1878215692919208,24,Célibataire,4,Chômeur,9,Oui,504,2
25,91932,3642.1908734467006,10,Bon,0.4839451210853821,28,Marié,1,Indépendant,22,Non,801,0
26,113016,4122.221218451427,14,Bon,0.34652019437028964,56,Divorcé,5,Indépendant,3,Non,699,0
27,45658,3620.440627099113,6,Bon,0.3227513772688384,21,Divorcé,5,Indépendant,28,Non,506,0
28,104478,2721.6799870200616,3,Moyen,0.2663100414093288,42,Divorcé,4,Salarié,28,Non,445,0
29,38431,2435.435472219419,16,Bon,0.2715777333720577,29,Divorcé,4,Indépendant,5,Oui,400,0
30,22747,4209.054537642862,7,Bon,0.3163620015352323,43,Célibataire,5,Indépendant,13,Oui,540,0
31,79150,1104.8800447323497,20,Mauvais,0.37857192281444296,55,Marié,2,Chômeur,3,Non,462,0
32,85725,4843.170925870748,14,Moyen,0.3808584384727318,63,Célibataire,1,Indépendant,25,Non,472,2
33,104654,3583.6671463000666,9,Bon,0.16867756308217985,29,Célibataire,1,Chômeur,14,Non,801,0
34,55773,1077.5839439577667,15,Bon,0.30004510083065083,60,Célibataire,2,Indépendant,15,Oui,846,0
35,87435,3707.611200122592,21,Moyen,0.2647832380136408,68,Divorcé,3,Salarié,6,Oui,583,0
36,76886,2696.2161135874717,3,Bon,0.4482107865077537,54,Divorcé,1,Indépendant,16,Oui,658,1
37,86803,3565.4274686577783,2,Bon,0.3525675684873506,63,Divorcé,0,Indépendant,18,Non,680,1
38,51551,3862.11955706991,27,Bon,0.31300162656639274,41,Marié,5,Chômeur,28,Non,832,1
39,31394,527.7218799894097,2,Mauvais,0.14615785687156696,33,Divorcé,5,Chômeur,18,Oui,462,0
40,89092,2579.9093861608003,3,Moyen,0.3422551557293646,30,Marié,2,Chômeur,16,Oui,606,0
41,23890,4666.870277058977,18,Moyen,0.14688156227209337,42,Divorcé,1,Indépendant,5,Non,638,2
42,61606,1671.14674158162,14,Moyen,0.23488263022630085,69,Divorcé,3,Indépendant,28,Non,354,1
43,116276,3010.0271780337043,20,Bon,0.15713678592573277,21,Célibataire,1,Salarié,10,Oui,632,0
44,100038,1909.229359398491,18,Bon,0.3768294588097476,28,Célibataire,5,Indépendant,15,Non,426,0
45,107313,2325.9130638735883,10,Bon,0.18250084553446105,49,Célibataire,4,Salarié,29,Oui,542,1
46,30627,2788.155277896951,25,Bon,0.2567437492752104,66,Marié,0,Chômeur,24,Oui,708,1
47,28792,2789.717701455989,2,Bon,0.45826991104751147,24,Marié,2,Chômeur,7,Non,802,0
48,93969,1088.4792654181556,25,Moyen,0.18172655335958812,63,Divorcé,4,Chômeur,10,Non,602,1
49,63001,3454.400584611183,29,Moyen,0.30312202558351165,28,Marié,3,Salarié,6,Non,763,0
50,96552,530.5537450890183,22,Moyen,0.26770866446640884,45,Divorcé,4,Indépendant,25,Oui,534,2
51,43897,780.2413898658998,1,Bon,0.1072496164182919,58,Marié,4,Chômeur,23,Non,337,4
52,88148,113.28340713021538,4,Moyen,0.41710324542912514,40,Marié,3,Indépendant,21,Non,438,0
53,43483,671.8107142942384,14,Moyen,0.1276183625258399,62,Marié,4,Indépendant,24,Oui,494,0
54,68555,2418.514385154272,1,Bon,0.2897020083907814,40,Célibataire,2,Chômeur,18,Oui,826,0
55,37159,3069.899217173609,14,Moyen,0.32427131797557995,67,Marié,5,Salarié,25,Non,300,0
56,100077,3992.018304835666,16,Bon,0.3513705826458349,45,Célibataire,1,Indépendant,9,Oui,395,0
57,55920,622.8263255558367,22,Bon,0.37545265172315023,60,Célibataire,4,Chômeur,8,Oui,712,0
58,112067,4268.564554080628,14,Bon,0.20130895340908606,64,Marié,2,Indépendant,3,Oui,837,0
59,87121,3755.275175188719,29,Bon,0.10399151066337975,43,Divorcé,1,Indépendant,22,Non,728,0
60,89479,2101.739635385993,20,Bon,0.3893774649419648,42,Divorcé,1,Indépendant,14,Non,534,1
61,109475,4671.396528789778,3,Moyen,0.31426263973903146,46,Divorcé,4,Indépendant,12,Oui,648,0
62,39457,4955.554434641214,3,Mauvais,0.43444708128289955,36,Marié,2,Indépendant,24,Oui,780,0
63,86557,1104.5088692608624,9,Moyen,0.4285553451602777,50,Divorcé,5,Salarié,1,Oui,695,0
64,97189,1958.220066322622,6,Moyen,0.43733046711515333,53,Célibataire,4,Salarié,1,Non,650,1
65,98953,4639.6021755895845,25,Bon,0.2940378639918161,31,Divorcé,3,Chômeur,15,Oui,715,0
66,72995,3635.823098681258,13,Moyen,0.23345135833474628,31,Marié,1,Salarié,8,Oui,350,0
67,60757,335.66375542402966,21,Bon,0.416623281036548,52,Divorcé,4,Salarié,27,Non,380,0
68,29692,3929.4209605819333,2,Bon,0.28051764521170197,47,Célibataire,1,Salarié,12,Oui,335,0
69,65758,4156.910347169711,8,Bon,0.1733768785613738,45,Marié,2,Indépendant,2,Non,366,0
70,92409,3777.459431350036,21,Bon,0.44198960782458974,34,Divorcé,0,Indépendant,8,Non,780,0
71,91211,4017.7319415056263,2,Bon,0.45302395070893897,20,Marié,4,Chômeur,12,Non,767,1
72,85697,4143.150115794706,4,Bon,0.28652390245606807,33,Marié,5,Chômeur,20,Oui,441,0
73,57065,1013.3844352619061,25,Bon,0.130279890923915,63,Marié,4,Chômeur,21,Oui,655,0
74,112093,1254.8895557184987,15,Mauvais,0.25513043596677254,47,Divorcé,1,Indépendant,1,Non,770,0
75,119299,3205.4169622288687,4,Bon,0.42141506378504134,69,Marié,2,Salarié,7,Oui,738,0
76,52606,4548.544039266329,13,Bon,0.46070961141849154,46,Divorcé,3,Salarié,26,Non,830,0
77,31534,1649.3632532528236,28,Bon,0.18138909699903835,62,Célibataire,5,Indépendant,8,Oui,426,1
78,114663,2982.702711395778,12,Moyen,0.12678944481010862,32,Divorcé,2,Chômeur,15,Non,504,1
79,60397,3446.612110743949,28,Bon,0.4509401812531355,63,Célibataire,4,Chômeur,1,Non,328,1
80,111387,2314.5481463652923,13,Bon,0.2557619755915501,42,Divorcé,3,Chômeur,5,Oui,744,1
81,21016,3597.534028791097,14,Bon,0.3167043857070253,68,Marié,2,Indépendant,21,Oui,763,2
82,109789,4508.370481931648,20,Bon,0.4872263248203036,55,Divorcé,0,Chômeur,7,Oui,579,0
83,75591,3158.0975664910043,18,Bon,0.12662589116568915,59,Marié,5,Chômeur,25,Oui,450,1
84,109812,2744.927203381702,29,Bon,0.3593272029808382,64,Célibataire,1,Indépendant,27,Non,539,0
85,43247,2249.8489094028614,28,Bon,0.12964216902994685,69,Divorcé,2,Salarié,4,Non,565,1
86,44300,2929.6827274400157,6,Bon,0.2501875713866002,55,Marié,2,Indépendant,8,Oui,404,0
87,94065,1841.2760139101397,29,Bon,0.42152581807737877,40,Célibataire,0,Indépendant,0,Oui,732,0
88,102798,2018.2623399873594,11,Moyen,0.2733888931022538,42,Célibataire,4,Indépendant,8,Non,796,1
89,29268,2706.1016504720524,2,Bon,0.4988729415611802,59,Divorcé,5,Indépendant,9,Oui,739,0
90,106807,426.4336507150032,28,Bon,0.32362371397864087,24,Célibataire,5,Salarié,22,Oui,457,0
91,32185,1222.224415531502,23,Bon,0.2284648610543814,39,Marié,1,Chômeur,3,Oui,471,1
92,83704,2759.9616220057037,19,Mauvais,0.18804453036190127,34,Célibataire,2,Indépendant,2,Oui,793,1
93,106779,2214.4879013685686,19,Bon,0.24020821371446474,35,Célibataire,3,Salarié,29,Non,610,2
94,59099,1730.797350971173,5,Bon,0.24901330950382033,66,Marié,2,Chômeur,9,Non,702,0
95,28571,3679.690770365577,19,Moyen,0.1274854710895844,58,Célibataire,1,Chômeur,14,Oui,762,1
96,58044,3499.2162762763583,2,Bon,0.24782967977070927,27,Célibataire,2,Chômeur,10,Non,666,0
97,71214,916.9807239675774,10,Bon,0.28569540789569,27,Célibataire,0,Indépendant,13,Oui,849,2
98,81228,4405.282665329847,25,Bon,0.3890951008955219,24,Célibataire,2,Indépendant,5,Oui,554,0
99,68984,2527.5757693794317,2,Moyen,0.36269179388864325,65,Marié,2,Chômeur,11,Oui,507,0
100,60774,3733.1584645813227,11,Bon,0.3835062620916617,67,Célibataire,3,Chômeur,12,Non,749,0
101,22568,2908.4391613612047,18,Moyen,0.10334547275074285,55,Marié,0,Chômeur,16,Non,394,1
102,82592,4988.693818026832,29,Mauvais,0.18706695983221444,44,Célibataire,0,Chômeur,15,Non,777,1
103,87563,3786.775288190231,24,Bon,0.36467371535994264,69,Célibataire,2,Chômeur,2,Non,489,0
104,22695,3564.2042600929494,15,Bon,0.29359574727189885,50,Célibataire,5,Chômeur,1,Non,783,0
105,68190,3915.00250134868,9,Bon,0.10212539026733838,18,Célibataire,3,Salarié,10,Oui,835,0
106,25258,801.3271291875011,23,Bon,0.421797856972729,61,Marié,2,Chômeur,28,Oui,722,1
107,107538,1102.26850653037,19,Bon,0.409123829316135,51,Marié,2,Indépendant,8,Non,432,1
108,59504,3598.9140028957095,9,Mauvais,0.3193676651974251,21,Marié,1,Indépendant,2,Non,354,2
109,53159,2520.509286941227,3,Moyen,0.12658533031050886,34,Divorcé,1,Indépendant,28,Non,809,0
110,33986,3797.712930114571,21,Moyen,0.4066060198130339,21,Célibataire,5,Chômeur,17,Oui,840,0
111,81858,604.2885506463106,9,Bon,0.3334854350925456,60,Célibataire,3,Indépendant,19,Non,709,0
112,32666,2728.7586222745144,28,Moyen,0.41278399086318374,43,Marié,4,Salarié,14,Oui,510,0
113,58660,1956.225671228887,14,Mauvais,0.4006987969583362,21,Divorcé,1,Chômeur,13,Oui,592,1
114,23561,2339.3010744802236,19,Moyen,0.4212008287831349,18,Célibataire,4,Indépendant,1,Non,414,0
115,46854,3059.393573155311,7,Bon,0.30720322656184995,24,Marié,0,Salarié,16,Oui,558,0
116,84505,2561.2129025663976,16,Moyen,0.156129807277406,47,Célibataire,1,Salarié,21,Oui,421,0
117,72251,2745.3171218529,16,Bon,0.3684629893518755,67,Célibataire,1,Indépendant,25,Non,598,1
118,42662,2483.1516617784782,28,Bon,0.34818951402078824,26,Marié,3,Salarié,7,Oui,680,1
119,28392,2103.880367718917,1,Bon,0.3969012748796349,52,Marié,5,Indépendant,9,Non,800,0
120,50535,3882.221704931401,4,Moyen,0.16795240242029413,25,Célibataire,4,Salarié,25,Oui,596,1
121,98603,159.79505435841813,4,Moyen,0.1779900799601157,41,Célibataire,1,Chômeur,17,Non,661,0
122,72256,3032.3692359056126,7,Bon,0.4561638068877314,36,Marié,1,Chômeur,29,Non,762,1
123,109135,2870.990901882572,8,Bon,0.3999911193808283,53,Célibataire,3,Chômeur,24,Oui,737,1
124,55222,3609.2774661914655,17,Bon,0.4632913954801292,67,Célibataire,3,Chômeur,28,Non,426,1
125,97373,3035.2438874089,5,Bon,0.4034861284655683,69,Marié,5,Chômeur,18,Oui,496,0
126,99575,4151.314256264484,7,Bon,0.3388621223961208,60,Célibataire,4,Indépendant,7,Oui,520,1
127,116354,4799.466493363736,28,Bon,0.3616530948111495,44,Célibataire,0,Chômeur,27,Non,390,0
128,104651,1778.3688601748627,20,Moyen,0.45565116957600404,49,Divorcé,5,Chômeur,7,Oui,710,1
129,83335,1214.0198168469365,29,Bon,0.3315227018047762,31,Marié,0,Chômeur,2,Non,307,2
130,30965,2175.624625860366,20,Bon,0.35295652973135494,35,Divorcé,2,Chômeur,2,Oui,843,0
131,44538,1510.855120731058,4,Bon,0.16259068640144025,45,Divorcé,1,Salarié,11,Oui,767,0
132,90592,3113.2562894480066,28,Mauvais,0.2895684880464411,46,Divorcé,4,Chômeur,21,Non,619,0
133,118018,4568.076803330527,6,Moyen,0.38655884478323965,33,Célibataire,5,Chômeur,16,Oui,693,0
134,28110,781.6693513010032,7,Moyen,0.20837707932654617,52,Célibataire,1,Indépendant,3,Oui,568,1
135,99309,593.8935547778439,18,Bon,0.18090167220981399,64,Divorcé,4,Salarié,16,Oui,490,0
136,47266,1354.4761060829449,5,Bon,0.22553072328976623,48,Divorcé,4,Indépendant,13,Oui,360,0
137,72992,3657.868371705764,20,Bon,0.1966002511971334,21,Divorcé,4,Chômeur,18,Oui,737,0
138,102948,3005.5182357682256,29,Moyen,0.18596505481455836,54,Célibataire,1,Indépendant,8,Oui,563,0
139,118806,600.842054703478,3,Mauvais,0.26994033714723475,34,Divorcé,5,Indépendant,29,Oui,394,0
140,26910,4601.877559077658,7,Moyen,0.4631354055534137,56,Divorcé,3,Chômeur,29,Oui,769,2
141,110982,3971.414721908025,27,Moyen,0.30282385869548734,65,Marié,1,Salarié,20,Non,813,1
142,20206,212.8107634594238,28,Moyen,0.17516815232612923,63,Marié,4,Salarié,11,Oui,493,0
143,107054,3291.699333842406,22,Bon,0.13078866775234965,43,Célibataire,5,Indépendant,4,Oui,781,1
144,107897,3879.108675746716,14,Mauvais,0.3784624580551701,65,Marié,2,Chômeur,10,Non,635,0
145,43419,1934.7333116300679,7,Bon,0.2531195057745551,56,Marié,0,Indépendant,19,Non,734,0
146,70636,437.71554289937205,5,Bon,0.4287323786341437,58,Marié,4,Indépendant,2,Non,495,1
147,70015,478.87322089505756,29,Bon,0.3638043074563081,21,Célibataire,2,Indépendant,20,Oui,548,0
148,74268,610.8101336538666,22,Bon,0.41849658021654745,47,Marié,3,Chômeur,14,Non,797,0
149,107939,4218.154196704072,5,Bon,0.20877841576737952,47,Célibataire,4,Chômeur,13,Non,511,0
150,38141,4562.362371452994,23,Bon,0.37694356898442327,39,Divorcé,2,Salarié,10,Oui,765,1
151,100356,701.7728310440956,2,Bon,0.20562479387748753,28,Marié,4,Chômeur,19,Oui,520,1
152,91910,1255.9395695158978,27,Bon,0.4756273917801167,19,Célibataire,1,Indépendant,7,Non,572,0
153,76044,911.0505007997199,21,Bon,0.3545497126133498,61,Marié,5,Indépendant,3,Non,453,0
154,87214,1012.9723095211914,22,Bon,0.22980472007013686,29,Divorcé,2,Salarié,26,Oui,548,0
155,53827,4203.704866112211,6,Bon,0.20780474491690906,47,Célibataire,5,Chômeur,11,Oui,578,0
156,75820,1727.5174220092008,15,Bon,0.1763706340286574,53,Célibataire,1,Indépendant,7,Oui,739,0
157,82623,1626.0768938236417,21,Moyen,0.3778563835574912,35,Célibataire,1,Salarié,5,Oui,575,0
158,101734,1214.2385422978518,10,Moyen,0.18748624519917093,43,Divorcé,5,Salarié,14,Oui,813,0
159,95450,3078.6825295918675,23,Moyen,0.33812130637099563,24,Divorcé,2,Indépendant,29,Non,387,0
160,113426,1958.5979220891893,26,Moyen,0.20585401077014295,18,Divorcé,5,Indépendant,11,Oui,804,0
161,42299,3746.8232940321154,24,Bon,0.36478757791754746,43,Célibataire,5,Chômeur,15,Oui,540,1
162,63585,1107.3410610406236,7,Moyen,0.4259758914162157,40,Divorcé,0,Salarié,15,Oui,535,1
163,84044,3960.1704547010127,5,Bon,0.4112100972578613,43,Marié,2,Indépendant,26,Oui,427,0
164,62557,3058.235505477681,1,Bon,0.4043405323723127,62,Divorcé,0,Salarié,20,Oui,802,0
165,69080,659.90977027287,13,Moyen,0.17508896227690085,23,Célibataire,4,Chômeur,19,Non,499,0
166,22693,2131.0724625977755,21,Bon,0.1353539787938075,23,Marié,5,Indépendant,19,Oui,842,1
167,115003,4331.238889003489,26,Moyen,0.37957953139495426,61,Divorcé,4,Chômeur,27,Non,801,0
168,115259,4622.505135812576,18,Moyen,0.24733888551774053,25,Marié,2,Salarié,3,Oui,791,0
169,89163,2381.9305993621847,13,Moyen,0.2729384905613389,41,Marié,5,Chômeur,10,Non,320,2
170,45939,2456.1011926364604,21,Mauvais,0.11245963711735643,39,Célibataire,4,Chômeur,12,Non,533,0
171,68925,4600.428152202576,21,Bon,0.2038305797100197,36,Marié,3,Salarié,28,Oui,715,2
172,62941,2976.6342982691795,18,Bon,0.11347056154978562,54,Marié,1,Chômeur,8,Oui,447,0
173,41834,260.9486841928479,5,Bon,0.4516743090404991,35,Célibataire,5,Salarié,3,Oui,328,2
174,38047,4572.472368107731,13,Bon,0.1973586732874122,48,Célibataire,1,Indépendant,11,Oui,660,0
175,46105,1316.3095695100442,4,Moyen,0.3229348678292032,54,Célibataire,0,Salarié,8,Oui,607,2
176,95766,2930.3965750485813,17,Moyen,0.11559172826445217,47,Marié,4,Salarié,12,Non,461,1
177,35707,911.0152553970717,3,Moyen,0.3667389565222633,59,Marié,0,Indépendant,15,Oui,360,1
178,41976,266.00788520831543,17,Bon,0.22921093830163755,50,Marié,5,Salarié,25,Oui,424,1
179,64262,1626.2185385505113,28,Bon,0.4591676747830663,27,Célibataire,1,Indépendant,5,Non,755,1
180,43776,3924.4289669758296,11,Bon,0.45524727557361433,54,Divorcé,1,Indépendant,9,Oui,370,0
181,50080,1460.1771458841488,21,Bon,0.23011624734469913,29,Marié,4,Salarié,12,Non,765,0
182,86842,1178.4763489973757,20,Moyen,0.4603843582761872,47,Divorcé,5,Chômeur,6,Oui,542,1
183,81373,1142.1358432720087,23,Bon,0.49846306939951157,44,Célibataire,3,Chômeur,27,Non,789,1
184,26776,2624.351043793382,21,Bon,0.43016626564957927,56,Marié,3,Indépendant,25,Oui,520,0
185,112787,4880.152446845505,26,Bon,0.43794853910209164,26,Divorcé,4,Chômeur,18,Non,772,2
186,75016,2349.046041283364,4,Moyen,0.19960349444363598,38,Marié,5,Chômeur,23,Non,832,1
187,29474,2830.7963075612347,2,Moyen,0.3306809595431025,29,Marié,4,Salarié,18,Oui,793,0
188,78053,4317.096887664597,20,Bon,0.12690236558694715,46,Marié,5,Indépendant,16,Oui,381,1
189,41959,2721.841622774927,16,Bon,0.1379671747286679,50,Divorcé,0,Indépendant,12,Oui,821,2
190,25530,1003.8680699523949,28,Bon,0.4995570448133163,60,Célibataire,4,Salarié,12,Non,311,0
191,114856,1568.0199676557374,18,Bon,0.23065569977036438,32,Marié,5,Chômeur,25,Non,562,0
192,23748,1618.6909387161934,8,Moyen,0.3992735648195386,19,Célibataire,3,Indépendant,27,Non,748,0
193,117504,2046.8587657422295,3,Moyen,0.4226660212107266,69,Célibataire,5,Chômeur,20,Oui,491,0
194,118098,2191.265636150072,9,Bon,0.44320930840289174,56,Divorcé,5,Indépendant,1,Oui,413,1
195,33545,4018.93190816392,29,Bon,0.49905131896086263,61,Divorcé,4,Indépendant,9,Non,325,0
196,86199,1811.9962953417319,20,Mauvais,0.19659859410274716,35,Célibataire,0,Indépendant,29,Oui,798,2
197,54766,2394.335959362759,29,Bon,0.11614033074387989,20,Marié,0,Indépendant,21,Non,807,1
198,93530,3162.382336550156,6,Moyen,0.2644766071978344,24,Divorcé,0,Chômeur,12,Oui,844,0
199,113557,1950.8571424568295,10,Bon,0.15203226793157879,60,Marié,0,Chômeur,25,Oui,361,0
200,81087,4199.167585132431,21,Bon,0.10897035566482205,35,Marié,2,Chômeur,8,Non,528,0
201,115839,2978.5226607469644,10,Bon,0.24417073085659446,61,Marié,4,Chômeur,0,Oui,334,0
202,88840,1540.8189281827606,13,Bon,0.41349530043009464,55,Célibataire,1,Salarié,13,Oui,755,2
203,74384,3598.8900789701584,17,Mauvais,0.32647227649002836,54,Marié,4,Indépendant,28,Oui,801,0
204,71005,2685.473877709451,9,Bon,0.22511119568414162,50,Célibataire,2,Indépendant,15,Oui,324,0
205,66576,2718.8338671605097,17,Bon,0.3617368021970879,61,Célibataire,0,Indépendant,19,Oui,331,1
206,59353,2457.330947099171,24,Bon,0.1928072721235243,48,Marié,2,Salarié,14,Non,311,0
207,82003,2535.35854922412,9,Bon,0.10575257842883401,28,Marié,3,Chômeur,0,Oui,618,0
208,103211,3850.2457772245793,9,Bon,0.40574135457457094,21,Marié,3,Indépendant,16,Non,300,1
209,72733,604.6092487234461,1,Bon,0.3494972339456036,35,Marié,4,Chômeur,23,Oui,734,0
210,85318,1738.3777754213627,2,Moyen,0.404921049800384,21,Célibataire,4,Chômeur,29,Oui,435,1
211,109474,469.9664826390572,28,Bon,0.11557520667506625,66,Marié,1,Salarié,29,Non,495,0
212,43664,3790.906481662509,16,Bon,0.4348478511322609,51,Marié,1,Salarié,12,Non,432,0
213,87172,1434.2790881294673,29,Mauvais,0.3478104800145213,46,Célibataire,3,Chômeur,29,Oui,385,0
214,105616,4497.409008112532,1,Bon,0.32535814028505605,41,Divorcé,0,Indépendant,26,Oui,775,3
215,113264,2680.2344866305393,10,Mauvais,0.34984561924581264,39,Divorcé,2,Indépendant,14,Non,623,0
216,46736,4023.673880281993,18,Bon,0.4457732987473456,19,Célibataire,1,Salarié,15,Non,479,2
217,114209,4896.76403451821,26,Moyen,0.33477460262356284,61,Divorcé,5,Salarié,15,Non,815,0
218,20854,4214.965411337195,28,Moyen,0.3323801519552717,23,Célibataire,1,Salarié,1,Non,474,1
219,110084,4348.269424056465,8,Moyen,0.4962716628263063,59,Marié,0,Salarié,16,Oui,320,0
220,58623,2099.1240272877394,21,Mauvais,0.4026920668274272,42,Marié,0,Salarié,10,Oui,404,0
221,27392,2803.440716770765,28,Bon,0.2769175221804541,38,Divorcé,4,Salarié,7,Oui,742,1
222,75680,1344.0539638121911,11,Mauvais,0.38295880001317106,33,Marié,2,Salarié,19,Oui,348,1
223,66717,1060.9541884979187,23,Bon,0.2556921886767154,48,Divorcé,0,Indépendant,2,Oui,827,1
224,107092,2576.9886076195658,2,Bon,0.1915501849933996,31,Divorcé,1,Salarié,28,Non,444,0
225,70859,3015.740000532061,8,Bon,0.3387407507551038,56,Marié,1,Salarié,11,Non,639,0
226,46309,1762.4291048913358,27,Bon,0.4712728392455806,45,Marié,3,Indépendant,19,Non,653,0
227,107455,2890.273237041152,22,Bon,0.4716558080061851,49,Divorcé,0,Indépendant,15,Oui,374,1
228,83734,4448.556364316165,8,Bon,0.23676211124219615,45,Marié,5,Chômeur,13,Non,618,0
229,90467,2827.935765438494,17,Bon,0.31107098648867804,68,Célibataire,4,Salarié,15,Oui,386,0
230,72662,3631.9841719214824,15,Moyen,0.1846543594279445,66,Marié,2,Salarié,26,Oui,341,2
231,118506,4046.043340053735,17,Moyen,0.49825244379955336,26,Marié,5,Salarié,20,Oui,392,1
232,32688,4944.771031581669,28,Bon,0.4924471631471743,62,Célibataire,4,Salarié,16,Non,806,1
233,45342,3055.6672706672,23,Bon,0.35980357188297896,39,Marié,1,Chômeur,29,Oui,828,1
234,57157,4053.5657299166714,24,Bon,0.42176562387098937,49,Marié,5,Indépendant,10,Oui,564,0
235,87863,4816.981660918886,13,Bon,0.38604006451348005,22,Divorcé,4,Indépendant,16,Non,591,0
236,72083,4727.60765532864,19,Bon,0.3372632876157873,40,Marié,1,Salarié,18,Oui,763,0
237,85733,791.3010590107965,5,Bon,0.12133919879555909,22,Marié,1,Salarié,21,Non,396,0
238,109045,2091.3223105402576,12,Bon,0.2819057370210645,59,Célibataire,1,Salarié,0,Oui,394,1
239,54698,1687.5512994233181,1,Mauvais,0.3699145208669642,49,Divorcé,1,Chômeur,29,Non,625,0
240,100623,525.9325732567117,23,Bon,0.3710126455534739,27,Divorcé,1,Chômeur,26,Oui,373,0
241,42671,3202.8797970637065,5,Bon,0.24924904736895345,56,Divorcé,3,Indépendant,11,Oui,635,0
242,45184,3705.9326046604115,8,Bon,0.4766767946632122,32,Marié,5,Salarié,14,Non,367,0
243,113384,4255.827667787729,13,Bon,0.1669428128947124,24,Divorcé,4,Salarié,17,Oui,376,0
244,62107,701.6067593472717,8,Bon,0.30014377848622426,46,Célibataire,3,Salarié,27,Non,507,0
245,106202,4394.57597178894,25,Moyen,0.37635359062032914,64,Divorcé,3,Salarié,29,Oui,520,0
246,71663,3250.335261709841,23,Bon,0.37885432235672367,20,Célibataire,0,Chômeur,22,Non,561,0
247,35708,3549.3360621786965,11,Bon,0.3594555827075262,36,Divorcé,0,Indépendant,13,Oui,709,0
248,111906,4562.057617347489,1,Mauvais,0.2101152853807441,27,Divorcé,0,Indépendant,29,Oui,630,1
249,69811,3161.3302281119304,13,Moyen,0.1624826274746488,45,Célibataire,2,Chômeur,0,Oui,643,0
250,22811,1745.7427000341918,19,Moyen,0.3543761307306844,46,Divorcé,0,Salarié,12,Non,373,0
251,76250,4143.025923971033,24,Bon,0.3397208464557751,32,Divorcé,4,Indépendant,29,Non,553,0
252,92082,1878.9901397559436,3,Moyen,0.1717424041156964,52,Divorcé,3,Indépendant,14,Non,631,1
253,54754,267.7177430205927,24,Bon,0.3820556582282254,23,Marié,4,Chômeur,6,Non,697,0
254,115742,4170.207082169723,17,Bon,0.2820687966934626,29,Célibataire,5,Salarié,14,Non,644,0
255,31411,1791.4415099182504,5,Bon,0.36710423664126124,64,Divorcé,0,Indépendant,19,Oui,754,0
256,22911,3891.7891636865675,20,Bon,0.43494683190806027,55,Célibataire,2,Salarié,9,Oui,414,0
257,87270,1877.5136838631327,21,Bon,0.16789137143076927,30,Célibataire,5,Indépendant,13,Oui,612,1
258,103763,4319.233297876136,8,Bon,0.10765794719873467,46,Célibataire,2,Chômeur,5,Oui,527,1
259,28680,1175.6015728966977,26,Mauvais,0.4116410345583147,36,Divorcé,5,Salarié,13,Oui,544,0
260,104896,4875.281599474462,14,Mauvais,0.3438789700610464,20,Divorcé,3,Chômeur,23,Non,825,2
261,103879,3920.817996461351,4,Moyen,0.37985582784884875,25,Célibataire,4,Indépendant,24,Oui,827,0
262,91295,659.7658370099444,11,Bon,0.43526198999545707,25,Marié,1,Chômeur,21,Non,726,1
263,108614,2872.305437836146,20,Moyen,0.4211243739298002,37,Célibataire,4,Chômeur,11,Oui,341,0
264,31111,4928.2998299845,15,Bon,0.4843680587715299,64,Marié,0,Chômeur,10,Non,764,1
265,57504,2408.2207181996905,19,Moyen,0.3143740315408473,21,Célibataire,1,Indépendant,28,Non,577,0
266,21802,992.3249802257579,7,Bon,0.29539825306396217,68,Célibataire,2,Salarié,29,Non,318,0
267,28155,2475.413999036696,19,Moyen,0.26075487995629204,38,Célibataire,3,Chômeur,24,Oui,365,0
268,93656,2611.042513821416,28,Bon,0.16147641713768182,20,Divorcé,3,Salarié,19,Oui,466,1
269,59384,3734.266026720461,19,Moyen,0.329042893152809,62,Marié,2,Indépendant,21,Oui,702,1
270,67254,3524.3446804884315,11,Mauvais,0.2108050097303915,25,Marié,0,Salarié,23,Oui,708,0
271,41918,2072.495213625205,26,Bon,0.46852300488519016,40,Célibataire,2,Chômeur,24,Non,411,0
272,105981,1168.3132267210237,5,Bon,0.33327632171083904,33,Divorcé,5,Chômeur,18,Non,573,2
273,80713,3260.765422069714,5,Mauvais,0.33713607220324404,30,Divorcé,0,Chômeur,1,Non,706,0
274,50306,2166.349279311081,22,Bon,0.24196986435080403,20,Marié,1,Chômeur,21,Non,672,0
275,36646,748.1534345141189,8,Moyen,0.120795740791083,65,Divorcé,2,Chômeur,19,Oui,338,1
276,66843,4512.804276058289,10,Bon,0.11269750614919545,26,Marié,0,Chômeur,0,Non,404,1
277,116601,3486.9871022873062,6,Bon,0.26933405766127905,31,Marié,1,Indépendant,7,Oui,623,0
278,110735,3447.6008965828587,15,Bon,0.13382615123889516,30,Marié,2,Indépendant,24,Non,713,0
279,36371,4130.660991967203,16,Bon,0.3427387822160557,24,Divorcé,3,Indépendant,13,Non,728,0
280,97371,2695.3422254098973,28,Moyen,0.452389202255863,32,Marié,2,Salarié,8,Non,360,1
281,22049,4093.76669917204,17,Bon,0.4531659266074889,24,Marié,4,Salarié,1,Oui,606,0
282,51616,2540.644692203928,8,Bon,0.36361816405289293,55,Célibataire,2,Indépendant,24,Oui,653,0
283,40932,429.15945958697944,8,Bon,0.18449273258917243,51,Marié,4,Salarié,22,Non,692,0
284,49855,2085.715631335675,25,Bon,0.4451987325435488,58,Marié,1,Salarié,4,Non,503,1
285,81434,2537.577980501464,9,Moyen,0.4544373741252833,39,Célibataire,2,Chômeur,22,Non,557,0
286,92694,3628.9926499982494,2,Mauvais,0.1786614339811835,41,Célibataire,1,Chômeur,28,Oui,785,0
287,63016,622.2357776305043,15,Bon,0.39497043430827095,66,Divorcé,1,Salarié,24,Oui,816,0
288,27400,786.0908394362001,18,Moyen,0.21460781957084918,54,Marié,0,Salarié,7,Oui,745,0
289,62642,1392.0506329096206,3,Moyen,0.42105612494117184,61,Divorcé,1,Indépendant,15,Non,479,0
290,35151,1405.8421275173228,17,Bon,0.49889515996144107,18,Divorcé,1,Salarié,21,Oui,641,0
291,71407,3687.7044344494057,4,Mauvais,0.11201040213175713,27,Célibataire,2,Chômeur,15,Non,432,1
292,86690,1328.580236751829,4,Bon,0.45894634631637277,60,Divorcé,2,Salarié,12,Oui,742,0
293,24499,3202.180510451493,14,Bon,0.34905221343946324,33,Marié,3,Indépendant,19,Non,552,1
294,26295,2521.9418656775297,9,Moyen,0.48935304766592846,63,Célibataire,0,Chômeur,28,Non,564,1
295,79040,2909.142453079063,9,Bon,0.28600380701057104,25,Marié,1,Chômeur,14,Oui,392,0
296,32183,4206.72411957365,25,Moyen,0.4389551722285495,66,Marié,0,Chômeur,0,Non,710,0
297,49299,2081.4693575902193,26,Moyen,0.1249576274393109,42,Célibataire,4,Chômeur,21,Non,437,0
298,32874,3877.4657476149255,23,Bon,0.2341116200313183,67,Marié,1,Salarié,2,Non,507,1
299,52711,2167.976691798368,18,Moyen,0.126806615100484,29,Célibataire,0,Indépendant,5,Oui,606,0
300,25539,1833.9697451501222,10,Bon,0.4901372533916283,42,Marié,3,Salarié,21,Non,565,0
301,73351,4797.27316883478,21,Bon,0.4267895629087347,34,Célibataire,3,Salarié,13,Oui,617,0
302,81267,1003.4175113269198,4,Moyen,0.4410189684983882,43,Divorcé,1,Chômeur,3,Oui,412,0
303,68354,542.6511068302786,12,Mauvais,0.4751860925735577,63,Marié,4,Indépendant,17,Non,677,0
304,22557,3877.8310351238447,27,Bon,0.13404139444791416,65,Célibataire,3,Chômeur,14,Oui,753,0
305,58360,434.42355623504875,8,Bon,0.25423903700533335,31,Marié,3,Salarié,8,Non,490,1
306,102018,4201.687054444844,2,Moyen,0.12841395561760086,58,Marié,4,Salarié,17,Oui,739,2
307,22200,2242.2476421504934,22,Moyen,0.18431724062001145,53,Marié,0,Chômeur,2,Non,486,2
308,88497,4586.017018730378,13,Moyen,0.19174631081506896,40,Célibataire,3,Salarié,9,Oui,666,1
309,66975,3635.5110194973377,21,Bon,0.2876428844190315,60,Divorcé,2,Salarié,16,Non,388,0
310,41357,3090.9828683389924,16,Bon,0.20742486698145704,23,Divorcé,5,Chômeur,6,Non,486,1
311,97505,4751.603305583052,28,Bon,0.14039124272710446,64,Divorcé,5,Salarié,14,Non,431,0
312,22869,2043.581927955066,2,Moyen,0.1669964356376431,22,Célibataire,3,Indépendant,0,Non,675,0
313,81135,4775.025989044202,11,Bon,0.15891022542083638,60,Divorcé,0,Chômeur,26,Oui,398,1
314,70108,761.506259363914,10,Bon,0.48923071916491934,42,Célibataire,0,Indépendant,24,Oui,333,0
315,114179,2470.3992154688226,15,Mauvais,0.4037170027673894,35,Marié,1,Salarié,26,Non,470,1
316,110272,1422.564989721755,17,Bon,0.4871045861078248,30,Marié,2,Salarié,10,Oui,665,0
317,58467,2745.229616650148,8,Mauvais,0.2758961946031634,60,Divorcé,0,Chômeur,16,Non,358,1
318,43328,893.8680016687646,18,Moyen,0.21134739266506264,31,Célibataire,4,Salarié,4,Non,480,0
319,111412,4223.495335519213,23,Moyen,0.41931727888367465,45,Marié,2,Chômeur,6,Oui,318,0
320,106831,4247.398461641331,9,Bon,0.23050156721645873,35,Célibataire,5,Chômeur,18,Oui,525,2
321,23987,4780.657932345047,25,Bon,0.21975334948213932,45,Célibataire,2,Chômeur,24,Non,772,0
322,78871,857.8934903278574,8,Moyen,0.19300239688313248,68,Marié,4,Chômeur,23,Oui,394,2
323,42399,3154.3294994344546,27,Moyen,0.15187159128969416,44,Célibataire,3,Chômeur,28,Non,596,3
324,66214,2423.7628126318114,14,Moyen,0.2025852244067064,49,Marié,4,Indépendant,14,Oui,474,1
325,119522,1787.4802870167427,28,Bon,0.2421278993895551,64,Marié,4,Chômeur,2,Oui,521,0
326,106416,1822.5467895576721,26,Moyen,0.36959768325829223,26,Marié,3,Indépendant,14,Oui,353,1
327,90271,2122.688397973086,25,Moyen,0.12502593688778063,57,Célibataire,3,Salarié,4,Oui,702,1
328,64064,3554.13519347587,18,Moyen,0.1842027758661372,49,Marié,3,Chômeur,22,Oui,617,0
329,90091,3031.601685513958,22,Moyen,0.42360945611667056,37,Célibataire,3,Salarié,11,Non,648,0
330,60818,2352.4394125295426,20,Moyen,0.15876876943350832,45,Marié,3,Chômeur,29,Oui,742,1
331,65525,472.07371081114826,20,Moyen,0.23705805860900864,50,Marié,4,Indépendant,19,Oui,839,0
332,39830,481.0501859868897,21,Bon,0.44586356874325606,21,Divorcé,1,Indépendant,4,Non,581,0
333,37429,111.46301406631346,12,Bon,0.16197012445737707,63,Divorcé,1,Indépendant,2,Non,659,0
334,26893,4841.727002214724,19,Bon,0.13309473424727597,51,Divorcé,0,Salarié,8,Non,307,0
335,99909,125.74371093608609,14,Bon,0.29381519803200434,65,Célibataire,1,Chômeur,25,Oui,790,1
336,67333,605.15935546735,17,Bon,0.22096780451141457,20,Célibataire,5,Salarié,8,Oui,640,0
337,23436,1641.5231283661135,24,Bon,0.32536334579354165,43,Marié,1,Indépendant,6,Non,771,0
338,94290,4056.4082339021297,21,Bon,0.42152195619339006,25,Marié,4,Salarié,25,Non,548,0
339,96213,4814.284050244177,3,Bon,0.15485939526109727,23,Marié,3,Indépendant,1,Non,534,1
340,25895,3971.066438080095,26,Moyen,0.332279633821714,33,Marié,3,Indépendant,22,Non,382,1
341,39738,3483.7451389836388,23,Mauvais,0.30220350415594555,41,Célibataire,4,Indépendant,22,Oui,392,0
342,50746,2654.37327032649,7,Bon,0.15763151440527984,65,Marié,5,Chômeur,26,Oui,693,0
343,69377,524.8555381246997,17,Mauvais,0.349599394211593,56,Marié,1,Chômeur,20,Oui,567,1
344,68404,4795.036885719259,12,Bon,0.20945616714430867,47,Divorcé,4,Indépendant,15,Oui,716,1
345,74045,3816.122828333839,9,Bon,0.295133727417605,62,Marié,0,Salarié,8,Oui,828,0
346,117888,3230.851988137883,15,Bon,0.13290892971082477,30,Marié,3,Salarié,12,Non,552,2
347,59790,3819.275643140364,18,Bon,0.2838336228854492,22,Marié,2,Chômeur,27,Oui,421,0
348,25600,3648.106313438379,21,Moyen,0.22258538721712814,42,Célibataire,0,Indépendant,26,Non,309,1
349,114660,3222.4347409684856,13,Moyen,0.4289524844741418,37,Divorcé,5,Salarié,18,Non,615,1
350,113179,4904.826320881942,21,Bon,0.12279149079894731,35,Marié,0,Indépendant,19,Non,572,0
351,60764,4526.482681916522,8,Bon,0.267442909967332,64,Marié,4,Salarié,16,Oui,605,2
352,94543,3268.658103674101,14,Bon,0.2833725696525752,35,Divorcé,1,Chômeur,5,Non,509,1
353,65714,3496.5585361389312,8,Bon,0.39000243051964756,19,Marié,3,Indépendant,3,Oui,763,0
354,76835,352.81945262767897,14,Bon,0.3297150300360844,27,Célibataire,5,Indépendant,0,Non,715,1
355,93744,3382.595576295192,7,Bon,0.3668849348776725,62,Marié,5,Salarié,17,Oui,515,0
356,76491,316.4106447794909,23,Moyen,0.4108197142607025,67,Célibataire,2,Salarié,18,Non,379,0
357,38589,2982.4924091526623,12,Mauvais,0.4448811894632755,64,Célibataire,0,Salarié,8,Oui,779,1
358,63484,4996.832147872591,11,Bon,0.2255501986889882,29,Marié,2,Indépendant,12,Non,846,0
359,102989,2823.4522490421805,22,Mauvais,0.3152090821455612,64,Divorcé,1,Chômeur,7,Non,317,1
360,56212,2418.729578598534,22,Bon,0.43604323137568,30,Célibataire,1,Chômeur,22,Non,464,2
361,63525,1632.988796877379,11,Bon,0.49578045238602264,67,Divorcé,2,Salarié,12,Non,824,0
362,67202,690.5606360536758,25,Bon,0.4558077244175053,64,Marié,3,Chômeur,14,Oui,501,0
363,52635,3682.01599014558,22,Moyen,0.24858690504975073,28,Célibataire,1,Salarié,10,Oui,645,0
364,83208,1043.7352361495891,28,Mauvais,0.17806660688746018,36,Marié,2,Chômeur,11,Oui,665,1
365,53828,664.8819041116934,29,Moyen,0.2957570149626355,52,Divorcé,0,Indépendant,13,Non,747,0
366,38711,2166.6370326795113,13,Bon,0.3966565807344169,56,Marié,2,Salarié,3,Non,812,0
367,23420,3997.1750059995775,18,Moyen,0.297027628301319,43,Marié,2,Chômeur,0,Non,618,0
368,116752,3750.8162857890798,2,Bon,0.2932723453254674,63,Célibataire,4,Indépendant,23,Non,516,0
369,20301,368.92481176772714,29,Moyen,0.43529216843272023,31,Marié,1,Chômeur,3,Non,333,1
370,65236,2330.2040566771648,21,Bon,0.24456151162687456,62,Marié,3,Indépendant,18,Non,565,1
371,86235,2659.929422748728,15,Bon,0.4439178699246583,61,Marié,3,Indépendant,8,Oui,379,0
372,74240,3258.2785880665288,20,Bon,0.2627219203806894,41,Célibataire,4,Chômeur,9,Oui,712,0
373,85726,3285.820017171818,27,Moyen,0.23129324227133577,58,Divorcé,5,Chômeur,3,Oui,551,1
374,30492,1887.0165223407987,18,Bon,0.2815959644798796,18,Divorcé,3,Indépendant,19,Oui,311,0
375,26102,2847.318250617219,15,Moyen,0.4049787834699474,68,Marié,2,Indépendant,29,Oui,700,0
376,70336,2457.2032308360235,19,Bon,0.15040081114559772,60,Célibataire,4,Indépendant,8,Oui,581,1
377,105314,4436.491946964077,23,Moyen,0.17856768634880696,39,Marié,0,Salarié,12,Oui,411,0
378,46641,2698.2991499110108,24,Moyen,0.48057793026523676,40,Divorcé,1,Indépendant,11,Oui,677,2
379,54584,2261.057592565992,12,Moyen,0.17019665095254294,36,Célibataire,1,Salarié,10,Non,567,1
380,52745,2081.9787034410683,13,Bon,0.32709092717242183,35,Divorcé,1,Indépendant,11,Non,597,1
381,43093,2904.8960212239817,22,Bon,0.33172578666477515,29,Divorcé,2,Salarié,29,Non,616,0
382,86105,4039.4871990643983,11,Bon,0.29584978482009794,45,Célibataire,0,Indépendant,17,Non,808,1
383,71885,2738.167302865859,5,Moyen,0.3578980994307275,45,Célibataire,4,Indépendant,29,Non,845,0
384,56631,3342.110357894653,29,Bon,0.1919306903190474,50,Marié,4,Indépendant,11,Non,664,1
385,92991,3715.4932578419725,1,Bon,0.3210649071106993,36,Marié,1,Chômeur,15,Non,846,0
386,24014,2648.823738405786,24,Bon,0.24886930209875888,45,Divorcé,0,Chômeur,4,Oui,570,0
387,31093,2191.4035776088353,3,Bon,0.36466690385167566,69,Célibataire,0,Indépendant,19,Oui,773,0
388,38070,4395.660351526002,22,Moyen,0.1564894173492598,66,Célibataire,0,Salarié,24,Non,836,2
389,55777,2145.7798117366715,19,Bon,0.3283509667357905,54,Marié,3,Salarié,11,Oui,533,0
390,76958,2363.5199678203794,23,Moyen,0.17410814215332948,43,Divorcé,3,Indépendant,20,Oui,358,2
391,102074,4952.672435374708,29,Bon,0.21145722524601457,52,Divorcé,1,Chômeur,24,Oui,550,0
392,30729,101.16386552183444,7,Bon,0.1874839201294333,51,Marié,0,Salarié,10,Oui,385,0
393,119713,1008.8172569259401,12,Bon,0.17313511194752684,52,Célibataire,5,Chômeur,8,Oui,689,0
394,65017,1981.4230606066562,15,Bon,0.43028438062426677,57,Marié,0,Salarié,29,Non,479,1
395,86320,4669.690556183739,25,Bon,0.21428302706435615,33,Marié,4,Indépendant,17,Oui,448,1
396,47751,443.14555816260804,5,Moyen,0.4708495127457798,55,Marié,4,Chômeur,29,Non,420,1
397,98069,146.47862477964057,15,Bon,0.4879706101380764,30,Marié,1,Salarié,24,Non,555,0
398,74748,358.15079628842005,8,Moyen,0.32850418797483893,40,Célibataire,5,Indépendant,2,Non,608,0
399,25801,533.8627120067289,10,Bon,0.15720044906629058,39,Marié,0,Indépendant,19,Oui,358,0
400,39190,284.2241887106783,26,Bon,0.2498192973518325,33,Célibataire,5,Indépendant,16,Non,368,0
401,69689,2450.9285015968735,16,Moyen,0.41909290533928567,45,Marié,1,Chômeur,13,Non,745,1
402,70993,2945.710315413906,8,Bon,0.2469562914788282,65,Divorcé,4,Chômeur,0,Non,687,0
403,49592,1431.26615823812,1,Bon,0.1348068873211155,52,Célibataire,4,Indépendant,16,Non,385,0
404,30647,2051.6081814806143,12,Bon,0.3227139643712752,62,Divorcé,3,Chômeur,24,Oui,526,0
405,28716,549.3267420460077,5,Bon,0.4380483405984139,63,Marié,1,Salarié,26,Non,483,0
406,108891,1748.2152727592681,3,Moyen,0.41837055485740093,25,Marié,1,Indépendant,7,Non,621,0
407,107545,2660.344039009163,1,Bon,0.1700492560521413,61,Marié,0,Indépendant,4,Non,617,0
408,109912,3688.131855204761,4,Moyen,0.36910584576498673,39,Célibataire,0,Chômeur,4,Non,698,0
409,90316,116.39717401059819,8,Moyen,0.18820170537425884,38,Divorcé,3,Indépendant,8,Oui,592,1
410,22368,2389.8227560344976,3,Bon,0.1872830138208689,43,Célibataire,2,Salarié,2,Non,592,0
411,97575,1555.314094628923,10,Mauvais,0.4496287093220741,57,Célibataire,5,Chômeur,18,Non,784,0
412,26655,4278.826926290317,2,Bon,0.19986758109609207,38,Marié,2,Chômeur,22,Non,746,1
413,90031,3606.2112446477854,11,Mauvais,0.2052989386072045,42,Divorcé,2,Indépendant,8,Non,711,1
414,96429,2986.6318189073845,25,Bon,0.10026135630451982,58,Marié,1,Indépendant,21,Non,807,1
415,111083,1458.6016639141906,10,Moyen,0.44826761365020706,18,Célibataire,5,Indépendant,29,Non,543,0
416,107922,4560.661600081919,21,Bon,0.4170379252836539,23,Marié,1,Chômeur,17,Oui,719,1
417,75766,320.99331837958357,14,Bon,0.3509315740362712,40,Divorcé,5,Indépendant,15,Non,453,1
418,33403,636.3912335276642,7,Moyen,0.40010630557553695,68,Marié,4,Salarié,0,Oui,723,2
419,52097,2018.9876886477446,27,Moyen,0.16081942696979673,40,Divorcé,1,Indépendant,1,Oui,572,0
420,98657,709.7440307545961,27,Bon,0.2833294378350302,60,Divorcé,1,Indépendant,13,Non,819,0
421,30966,4786.436918041182,2,Bon,0.24048775493951235,60,Marié,1,Chômeur,13,Oui,427,1
422,119157,4010.1476785025784,9,Moyen,0.1375106105028066,40,Célibataire,3,Indépendant,0,Non,672,2
423,113848,1369.014992848887,16,Moyen,0.2944521940859697,49,Marié,1,Chômeur,25,Oui,458,0
424,72921,2983.9157219689023,13,Mauvais,0.46829586013705415,47,Célibataire,0,Indépendant,25,Non,475,1
425,69726,4913.4195238924,9,Moyen,0.1160236476202778,30,Célibataire,0,Salarié,24,Oui,510,0
426,70300,4432.574992844365,20,Mauvais,0.21658436539751758,60,Marié,5,Salarié,15,Oui,746,0
427,42677,3043.9123875667706,4,Moyen,0.1830163744822814,35,Célibataire,4,Chômeur,14,Non,466,0
428,75609,4528.247439158826,22,Bon,0.19525866146627854,40,Célibataire,3,Chômeur,25,Oui,759,1
429,116825,4947.006058085459,10,Bon,0.46337382075175015,32,Marié,5,Indépendant,14,Oui,656,1
430,76661,3742.4288321787585,26,Moyen,0.2872276216937161,50,Marié,0,Indépendant,11,Oui,603,0
431,51024,418.4334064661807,26,Moyen,0.28651976517592753,38,Marié,3,Salarié,15,Oui,532,0
432,90313,2067.743158484888,22,Bon,0.4042302569821129,56,Célibataire,3,Indépendant,13,Oui,626,0
433,73006,4205.346102887903,12,Bon,0.16179688160197034,40,Divorcé,4,Salarié,28,Non,481,0
434,115285,1229.789059444593,17,Mauvais,0.2949061416400203,44,Célibataire,3,Chômeur,23,Oui,633,2
435,35338,4170.14833697806,14,Bon,0.27199408564842387,62,Divorcé,1,Indépendant,14,Oui,328,0
436,88027,689.6599339714801,14,Bon,0.33876427621866245,61,Marié,3,Chômeur,22,Non,392,0
437,112772,330.0322500242837,25,Bon,0.4998230813001755,35,Divorcé,4,Indépendant,14,Non,629,0
438,100135,1982.0439963071228,2,Bon,0.4077795576328188,41,Marié,5,Salarié,18,Non,483,1
439,39508,279.98649339040674,21,Bon,0.2591462812069709,68,Marié,4,Chômeur,7,Oui,394,0
440,23051,4790.624288618295,25,Bon,0.4310212209096188,64,Divorcé,4,Chômeur,1,Oui,652,1
441,68747,4148.407909390433,20,Bon,0.16828334532499206,57,Marié,0,Indépendant,1,Oui,564,1
442,107142,4023.7714669363877,11,Moyen,0.11218547452358406,68,Divorcé,1,Chômeur,26,Oui,318,0
443,107235,3185.91182268115,16,Bon,0.18177934898570924,59,Marié,0,Salarié,9,Non,798,0
444,74021,1159.9877128791122,19,Moyen,0.23616462244570388,24,Célibataire,5,Chômeur,2,Non,438,0
445,86412,2639.475796714322,23,Moyen,0.304232302983824,67,Célibataire,2,Chômeur,22,Oui,824,1
446,78335,3026.642954908671,6,Bon,0.34605165621647993,65,Marié,5,Indépendant,16,Oui,554,0
447,76179,2672.654354215314,24,Moyen,0.46424228688576874,37,Marié,1,Chômeur,7,Oui,384,1
448,52093,1375.1435029624838,19,Bon,0.3039416038201831,44,Divorcé,3,Indépendant,27,Oui,757,1
449,89678,2624.7148291421568,5,Moyen,0.30051025785029173,23,Célibataire,4,Indépendant,22,Non,831,0
450,100738,2506.8130702562703,26,Bon,0.12009720392919286,44,Divorcé,2,Chômeur,3,Non,391,0
451,59734,4982.045301452949,4,Moyen,0.11396462106248953,26,Marié,1,Salarié,13,Oui,368,0
452,92615,4497.437125426399,15,Moyen,0.3204639847665488,62,Marié,0,Indépendant,20,Non,336,1
453,93523,2370.5656662565375,29,Bon,0.2752714452993378,48,Divorcé,4,Chômeur,9,Oui,439,0
454,114476,3152.3931763820815,4,Bon,0.43567215799211945,38,Marié,5,Indépendant,28,Oui,477,0
455,37019,3764.5708600519197,20,Moyen,0.1642718338847381,43,Célibataire,0,Salarié,0,Non,436,1
456,103613,270.83928514574205,10,Moyen,0.10998866484681985,57,Divorcé,1,Salarié,3,Oui,489,0
457,111794,4485.115062016415,24,Bon,0.27961550717205036,65,Célibataire,1,Indépendant,0,Non,641,0
458,106672,4314.621400447826,22,Moyen,0.194991422700903,62,Célibataire,5,Salarié,16,Oui,304,1
459,93847,2341.4172790911657,3,Bon,0.11984574933553499,30,Célibataire,2,Chômeur,25,Non,556,0
460,102750,2016.7318537938609,26,Moyen,0.38983931473905165,66,Divorcé,5,Chômeur,16,Oui,542,0
461,99634,1437.5009367959433,5,Bon,0.144637199982899,40,Marié,3,Indépendant,6,Non,714,0
462,48251,2435.716458818805,6,Moyen,0.3433278000031087,37,Célibataire,0,Salarié,22,Oui,642,0
463,45945,317.44565131286015,21,Bon,0.21241990006675568,54,Célibataire,2,Chômeur,19,Oui,678,1
464,110852,4275.748313400338,22,Bon,0.16939842014200882,45,Célibataire,4,Chômeur,14,Non,445,1
465,52217,273.56960525087084,8,Bon,0.251900609167727,34,Marié,3,Chômeur,12,Oui,622,1
466,28308,1712.351690312368,7,Bon,0.4205783104891815,45,Marié,2,Indépendant,27,Non,421,0
467,25949,4664.78849276305,21,Bon,0.2568374307618291,58,Divorcé,0,Indépendant,1,Non,551,0
468,71990,3702.5420071649182,10,Bon,0.4003078596844223,19,Marié,1,Chômeur,27,Oui,610,0
469,21150,1478.8157068298813,6,Moyen,0.15019451871966027,42,Divorcé,4,Chômeur,18,Oui,774,0
470,109480,1337.980560408337,14,Bon,0.40910856786603167,67,Divorcé,5,Salarié,23,Oui,791,1
471,94740,124.90248510832723,4,Bon,0.19477332996265947,58,Divorcé,0,Salarié,12,Oui,646,2
472,86617,3509.0000349637758,28,Bon,0.3709572519555492,23,Divorcé,3,Salarié,23,Non,786,1
473,114841,339.03955019854817,25,Bon,0.32631262193639854,28,Divorcé,3,Indépendant,10,Oui,772,0
474,36896,2709.752345063734,13,Bon,0.4716578868846749,55,Célibataire,1,Chômeur,26,Oui,681,0
475,66175,4814.397665701044,20,Bon,0.2549290071901256,23,Marié,1,Indépendant,21,Oui,579,0
476,27805,636.3974142668241,17,Bon,0.1264660755337762,62,Célibataire,4,Chômeur,14,Non,371,0
477,25237,4482.95166174353,23,Bon,0.10766219422050116,28,Divorcé,5,Salarié,9,Oui,820,1
478,40056,4958.2291422107355,7,Bon,0.4307434243891013,31,Marié,4,Salarié,8,Non,665,0
479,65543,401.4334285722517,4,Bon,0.3098942550645729,19,Célibataire,1,Salarié,26,Oui,393,1
480,76556,4426.240718773561,29,Bon,0.4100976207339797,57,Célibataire,1,Salarié,27,Non,672,0
481,23343,2628.7872001737214,14,Bon,0.19377024000460588,20,Divorcé,3,Chômeur,8,Oui,638,1
482,33500,4541.917225278442,3,Mauvais,0.23803349820529351,52,Célibataire,1,Salarié,19,Oui,736,0
483,73222,2899.4628154059133,24,Bon,0.11204154888452758,50,Célibataire,2,Chômeur,27,Non,635,0
484,49375,3344.348849522167,5,Moyen,0.48459692982964486,41,Célibataire,0,Chômeur,0,Oui,791,0
485,29662,2764.5166491872565,16,Bon,0.36714716268032543,36,Célibataire,1,Indépendant,16,Oui,339,2
486,36964,4336.015113506008,26,Moyen,0.47328203510372246,35,Célibataire,4,Salarié,11,Oui,658,0
487,79638,3696.1586028731385,23,Moyen,0.20619856297162895,66,Divorcé,5,Salarié,9,Non,553,0
488,93666,2654.175529684033,20,Bon,0.34458544449026435,69,Divorcé,5,Indépendant,4,Oui,697,1
489,105067,4353.98793985258,4,Mauvais,0.37139998731705515,41,Célibataire,5,Chômeur,29,Non,469,0
490,87215,1301.8991080511394,24,Bon,0.2270198801030354,62,Divorcé,2,Salarié,28,Non,810,2
491,89042,870.9692325423773,24,Bon,0.4392436940062521,52,Divorcé,4,Chômeur,17,Non,559,0
492,33284,885.9605161173532,2,Moyen,0.4788645851600991,18,Marié,2,Indépendant,14,Oui,758,0
493,92789,1736.6435058516656,18,Moyen,0.4539420470784018,53,Célibataire,1,Chômeur,5,Non,828,0
494,104664,1269.581153374986,19,Bon,0.395626790375749,42,Divorcé,0,Salarié,6,Non,640,0
495,113468,4657.442717497719,28,Bon,0.21098587188998164,62,Divorcé,5,Chômeur,16,Oui,356,1
496,81389,618.5870597600616,28,Bon,0.21264641684225272,66,Célibataire,4,Chômeur,5,Non,517,0
497,29435,3525.0546163939794,19,Bon,0.4853441281784152,60,Marié,5,Salarié,7,Non,763,0
498,74340,1027.1855449465288,17,Moyen,0.10411379837427681,51,Célibataire,2,Salarié,11,Oui,546,0
499,64078,4420.021950574715,14,Bon,0.38641998929685784,42,Marié,3,Chômeur,20,Oui,672,0
500,98832,4810.444912106046,19,Bon,0.38249846502210494,33,Célibataire,1,Chômeur,13,Non,716,1
501,71293,2380.8030429729197,22,Bon,0.349075816379919,51,Célibataire,0,Indépendant,11,Oui,330,0
502,115981,4407.450253117845,24,Bon,0.49604353843474636,46,Célibataire,1,Salarié,22,Oui,667,0
503,98781,125.21133669810236,13,Bon,0.2247517743054901,36,Célibataire,3,Chômeur,9,Oui,407,0
504,80403,4117.73989529969,12,Moyen,0.2359887455172993,40,Marié,0,Salarié,21,Non,717,0
505,49124,1220.2632914721253,26,Mauvais,0.13157576117862224,36,Marié,3,Indépendant,19,Non,697,1
506,115435,4552.636415419903,6,Moyen,0.277119254617495,42,Divorcé,1,Chômeur,14,Oui,571,1
507,63919,105.48854625253648,21,Bon,0.20441941049393925,33,Célibataire,2,Chômeur,6,Non,415,0
508,55247,2825.2905016948093,4,Moyen,0.2373546808710577,68,Marié,1,Chômeur,25,Oui,555,1
509,114758,3807.5154385461797,19,Moyen,0.43382871610225104,26,Marié,1,Salarié,8,Oui,380,1
510,111747,1367.5728204197492,16,Moyen,0.4741938054109983,18,Marié,1,Indépendant,9,Oui,427,0
511,82752,1046.351036477736,13,Bon,0.17429322880207426,59,Célibataire,4,Salarié,9,Oui,534,2
512,76573,512.0812998931248,4,Bon,0.24900357262138637,36,Divorcé,3,Chômeur,15,Oui,480,0
513,79101,1699.5245248661356,23,Bon,0.4714522248461577,50,Marié,3,Indépendant,28,Non,456,0
514,46646,2843.2371303132645,17,Bon,0.12472338427568906,51,Célibataire,5,Chômeur,6,Non,753,1
515,43049,667.6348982232626,23,Bon,0.13694421124455142,33,Marié,3,Chômeur,27,Non,323,0
516,99605,1945.8072737353139,1,Bon,0.16511639568249176,61,Marié,5,Salarié,29,Non,772,0
517,118116,144.4547827983523,18,Bon,0.3380851336507499,57,Divorcé,4,Chômeur,4,Oui,699,1
518,117379,4111.529160449225,20,Moyen,0.160188908402399,35,Marié,2,Indépendant,22,Oui,433,0
519,88385,729.3987186566377,17,Bon,0.48723055258029346,51,Marié,5,Chômeur,2,Non,720,1
520,60158,1488.3804465013498,27,Bon,0.27868581090340816,42,Célibataire,1,Chômeur,17,Non,512,0
521,85417,190.29582181726562,28,Mauvais,0.3006071841400666,62,Célibataire,2,Salarié,10,Oui,781,1
522,43289,2217.97984107331,27,Mauvais,0.1986634463221626,23,Divorcé,4,Indépendant,14,Oui,647,1
523,29823,4216.595363431972,15,Moyen,0.28838410097389344,38,Célibataire,3,Salarié,20,Oui,465,0
524,80160,2021.5409360814633,11,Mauvais,0.3647654530548047,23,Célibataire,5,Chômeur,19,Non,647,0
525,61975,979.5368847767836,25,Bon,0.40047085478161715,49,Divorcé,1,Salarié,4,Oui,697,1
526,29540,3793.124286847544,28,Mauvais,0.4015472330839652,58,Marié,0,Salarié,23,Oui,734,0
527,36364,3965.1542111666467,22,Bon,0.3311564450776353,65,Divorcé,0,Salarié,11,Non,520,0
528,24611,951.3920290070773,13,Bon,0.4617439099975429,60,Célibataire,2,Salarié,3,Non,607,0
529,47663,3877.1851318508498,1,Bon,0.42696313892244375,56,Divorcé,3,Chômeur,14,Non,765,0
530,71991,4741.759652456056,17,Bon,0.40281924587945017,48,Marié,0,Chômeur,8,Oui,398,0
531,77679,915.2501759681345,6,Bon,0.12224220867218426,59,Divorcé,2,Indépendant,6,Oui,541,0
532,50977,3877.823033407464,4,Moyen,0.10275118488785973,27,Célibataire,4,Salarié,9,Non,457,0
533,114704,3572.002822552884,20,Moyen,0.18497891087818918,47,Célibataire,2,Salarié,28,Oui,526,1
534,69115,2420.5120533319337,16,Bon,0.3654094375653809,69,Divorcé,2,Indépendant,27,Oui,722,0
535,111007,383.8102567381116,15,Bon,0.26447899555301835,35,Marié,2,Salarié,22,Oui,371,0
536,108223,466.00264701348465,27,Moyen,0.26096250371972474,41,Divorcé,1,Indépendant,12,Non,542,1
537,80890,4276.831830073374,15,Moyen,0.45383475529184547,69,Marié,2,Chômeur,28,Non,829,0
538,86387,4951.727026478171,6,Bon,0.45822513925273556,26,Marié,5,Indépendant,7,Oui,344,1
539,38071,3412.6560602150967,15,Moyen,0.4636701056214343,48,Divorcé,2,Salarié,11,Oui,771,0
540,79275,2285.1957043505754,14,Bon,0.22555123060601093,32,Marié,1,Indépendant,21,Oui,670,0
541,92369,3273.1108526693474,28,Bon,0.3764223250957047,21,Célibataire,1,Chômeur,23,Oui,391,1
542,31938,3012.539710219872,11,Mauvais,0.20865327250974786,57,Divorcé,4,Salarié,18,Non,321,1
543,55195,1979.7000759875468,7,Bon,0.17624393322977994,26,Marié,3,Chômeur,25,Non,471,0
544,111680,421.56810841266343,9,Bon,0.1738529829389477,62,Célibataire,0,Chômeur,25,Oui,491,0
545,24000,4125.413442296461,26,Moyen,0.23684304834543762,26,Divorcé,0,Indépendant,29,Oui,376,1
546,90588,1921.9842932697504,16,Moyen,0.27198304791192873,43,Célibataire,2,Chômeur,0,Non,580,0
547,113610,4112.049652449759,5,Bon,0.43237966842202735,21,Célibataire,4,Salarié,15,Oui,663,0
548,117856,1337.2928734730729,25,Bon,0.14795643738908484,34,Célibataire,2,Chômeur,21,Non,478,1
549,58304,105.04445124360365,20,Bon,0.39397033895795774,33,Marié,0,Chômeur,16,Oui,537,0
550,89449,878.797588056107,29,Moyen,0.31258196567572216,32,Divorcé,1,Indépendant,24,Non,434,0
551,102986,2395.8431421660634,10,Bon,0.215178137070397,52,Divorcé,3,Chômeur,29,Oui,579,2
552,109643,4727.087811293366,18,Bon,0.29712783381312985,69,Marié,4,Indépendant,17,Oui,318,0
553,40764,600.748736499223,3,Mauvais,0.21997682791080908,22,Divorcé,1,Indépendant,10,Non,670,0
554,106027,4285.627894861674,13,Bon,0.3384327820953224,22,Célibataire,3,Salarié,17,Non,411,1
555,58494,2682.418071438124,11,Bon,0.2735375691420977,37,Divorcé,4,Salarié,6,Oui,520,0
556,23373,4147.011752419494,17,Bon,0.1657622116315515,32,Marié,4,Salarié,17,Oui,603,0
557,32161,1562.0347118509637,22,Moyen,0.1466332298222787,35,Célibataire,0,Salarié,25,Non,624,1
558,117532,4215.741106895112,13,Bon,0.3186782728288521,64,Marié,1,Indépendant,7,Non,736,0
559,112658,3886.831622082342,6,Bon,0.4609652133144414,19,Célibataire,4,Chômeur,5,Oui,737,1
560,47350,1227.2630468540262,17,Moyen,0.23758307462307424,46,Célibataire,5,Salarié,29,Oui,469,0
561,113008,743.5421194059525,27,Bon,0.3932000428890493,30,Divorcé,4,Salarié,6,Non,674,3
562,114297,4353.466180408235,13,Bon,0.36346454197590683,21,Célibataire,3,Salarié,22,Non,680,0
563,45351,4819.859601856646,19,Bon,0.47262196572379245,59,Marié,0,Chômeur,21,Non,313,1
564,108668,253.38133736282958,21,Bon,0.4283924069196564,62,Divorcé,2,Salarié,9,Non,799,2
565,35305,3683.223328171059,19,Bon,0.3266421035621852,27,Marié,0,Chômeur,10,Non,690,2
566,95353,4556.67010364431,10,Bon,0.36281219929364295,48,Célibataire,2,Indépendant,24,Oui,848,1
567,96797,4301.0644512532435,3,Bon,0.45935458663361395,58,Marié,1,Indépendant,12,Oui,829,0
568,85953,4826.150314124022,14,Bon,0.25980751383477396,25,Marié,1,Indépendant,8,Non,791,0
569,77458,3824.460984346676,26,Moyen,0.23071788234311097,20,Célibataire,4,Chômeur,6,Oui,849,0
570,40358,2267.2639356664604,19,Mauvais,0.10432443345407855,65,Divorcé,5,Salarié,8,Oui,684,2
571,23267,1628.5647534261393,5,Moyen,0.43062042967658576,63,Marié,1,Salarié,12,Non,495,0
572,102745,1671.6394281468245,29,Moyen,0.420392280161346,26,Célibataire,4,Salarié,25,Oui,599,0
573,109588,3649.671095809173,5,Bon,0.14178180724006056,47,Divorcé,0,Salarié,2,Oui,846,1
574,58513,3754.601358951725,20,Mauvais,0.3307429524530801,28,Divorcé,1,Salarié,2,Oui,607,2
575,46092,1081.759803388692,17,Bon,0.28559267926675497,52,Divorcé,0,Chômeur,0,Non,551,3
576,31338,4353.801786103601,21,Mauvais,0.1474836382036446,54,Marié,0,Indépendant,20,Non,307,0
577,20412,3603.1277969910134,10,Mauvais,0.4922272908242894,59,Marié,5,Salarié,19,Oui,507,1
578,27543,2857.476403082575,5,Moyen,0.1858783549853422,30,Marié,1,Indépendant,1,Oui,430,0
579,53496,2410.509054502312,4,Mauvais,0.12689367203622448,53,Divorcé,0,Chômeur,24,Oui,325,0
580,80692,2761.8407483707947,6,Bon,0.33793895180076383,30,Marié,5,Chômeur,2,Oui,753,0
581,109084,880.3041175683959,26,Bon,0.39554667085321304,29,Célibataire,5,Salarié,14,Oui,485,0
582,112920,1098.1361214537437,4,Bon,0.11297737841887479,54,Marié,1,Chômeur,23,Oui,783,0
583,64425,546.7060029903392,7,Bon,0.36348705549080884,27,Marié,5,Indépendant,5,Non,350,0
584,58756,852.9243869894522,7,Bon,0.31291675038058175,26,Divorcé,1,Salarié,29,Oui,304,0
585,38888,2323.098809565885,18,Moyen,0.14130600355001938,69,Marié,1,Salarié,12,Oui,459,0
586,55735,2698.736529268455,3,Mauvais,0.16900955077854485,24,Célibataire,2,Indépendant,20,Non,507,1
587,67295,187.52327314376492,1,Bon,0.3271897189264322,19,Divorcé,0,Salarié,0,Oui,556,0
588,103042,4004.309356533735,24,Moyen,0.21854304540531536,40,Célibataire,3,Salarié,19,Oui,504,0
589,105999,1541.4230693830416,25,Mauvais,0.4753262914605264,56,Divorcé,1,Indépendant,18,Oui,310,0
590,37955,4567.996571303564,4,Mauvais,0.42749609179362036,57,Divorcé,0,Salarié,0,Oui,307,0
591,57841,4840.805191707511,6,Mauvais,0.4934268826054652,56,Marié,5,Salarié,27,Non,708,0
592,90640,1008.7484859156062,9,Bon,0.2038683355801656,38,Célibataire,4,Indépendant,20,Oui,331,0
593,85510,2364.276724751737,22,Mauvais,0.48788945311919085,40,Divorcé,1,Chômeur,21,Non,839,0
594,54911,106.03599231548685,14,Moyen,0.27249354791662317,46,Marié,5,Indépendant,1,Oui,686,1
595,79031,3031.803599099892,28,Bon,0.23900751812550186,31,Divorcé,5,Salarié,14,Oui,527,1
596,108726,3075.801596487089,12,Bon,0.1201398107877413,43,Divorcé,5,Indépendant,13,Non,774,1
597,27357,1312.9457824565384,28,Moyen,0.12110610314384106,68,Divorcé,5,Salarié,18,Oui,506,0
598,52479,2836.22209565767,25,Bon,0.3768045023786619,22,Divorcé,5,Salarié,10,Non,617,0
599,81476,1205.1466979743036,20,Moyen,0.28317159777361117,48,Divorcé,1,Indépendant,29,Non,647,0
600,64811,888.0447984831313,24,Moyen,0.1906086504144423,42,Divorcé,3,Salarié,14,Non,533,0
601,56208,3292.445387331097,25,Bon,0.3455881225300931,48,Marié,2,Chômeur,5,Oui,343,0
602,40150,1697.034773365167,4,Bon,0.2011432473000445,67,Divorcé,5,Salarié,19,Oui,441,1
603,91180,2992.29330053955,21,Moyen,0.331052701737769,37,Célibataire,5,Indépendant,8,Oui,475,1
604,63286,2222.9090699611124,24,Bon,0.24368349879307616,61,Marié,2,Chômeur,4,Oui,748,1
605,88450,4923.321896274229,12,Bon,0.42942089064472766,34,Célibataire,1,Chômeur,19,Non,381,0
606,41352,832.9451490710723,10,Bon,0.4282784643067118,62,Divorcé,0,Salarié,1,Oui,434,0
607,75069,2376.53312351547,22,Bon,0.29094015924896055,19,Célibataire,4,Indépendant,5,Oui,476,0
608,34397,3434.2374691606938,28,Mauvais,0.24032764373400625,42,Divorcé,4,Salarié,25,Non,682,0
609,61555,2038.1709110118466,7,Bon,0.24502391862363782,30,Divorcé,0,Salarié,17,Non,542,0
610,66959,4876.029274166381,3,Moyen,0.4222858102672872,56,Marié,1,Indépendant,27,Oui,440,2
611,20728,3637.2493768419818,23,Bon,0.2312717931190448,45,Marié,4,Indépendant,28,Non,756,3
612,70517,3319.220902066016,28,Bon,0.1836237494827384,59,Divorcé,2,Salarié,22,Non,739,0
613,86234,3809.5904112949943,14,Moyen,0.13387533675012275,23,Marié,0,Chômeur,18,Non,355,0
614,59954,4767.978326389713,24,Moyen,0.2866772483537634,20,Célibataire,3,Salarié,8,Non,826,1
615,67280,4548.311399624737,10,Bon,0.29285283956793673,52,Marié,1,Chômeur,26,Non,718,0
616,99459,3648.9980098194183,16,Bon,0.4363634841611629,35,Marié,0,Salarié,20,Oui,387,0
617,36779,3770.8920315962873,16,Bon,0.1884954785784256,28,Célibataire,4,Indépendant,23,Oui,307,0
618,83932,815.0181627722127,22,Bon,0.25239650946736,37,Marié,1,Chômeur,26,Oui,776,1
619,92936,603.6827820140619,10,Moyen,0.4233622955574764,22,Divorcé,2,Indépendant,5,Oui,514,1
620,44466,2897.432059036405,25,Bon,0.4294494442995894,36,Célibataire,1,Indépendant,13,Oui,796,0
621,56939,190.001421008646,13,Bon,0.2538444303915073,39,Divorcé,1,Indépendant,27,Oui,802,0
622,89896,2463.5462696027985,6,Bon,0.28364960931467237,36,Célibataire,2,Indépendant,25,Oui,544,1
623,55270,1130.712941602456,12,Mauvais,0.2213143563397132,64,Divorcé,5,Indépendant,23,Non,777,0
624,79163,1795.481181459714,9,Mauvais,0.47302195136772485,33,Divorcé,2,Salarié,28,Oui,608,0
625,102637,3901.443205385485,13,Bon,0.14745750629663212,41,Marié,1,Chômeur,12,Oui,530,0
626,71934,4712.063770738694,4,Moyen,0.473499769200588,58,Divorcé,2,Salarié,10,Oui,682,0
627,84895,454.83973351707334,24,Bon,0.37354658073413727,21,Marié,5,Salarié,11,Non,454,0
628,52307,2717.786809284581,11,Bon,0.31262886107469245,32,Célibataire,0,Salarié,18,Oui,474,0
629,74098,4424.41408051604,20,Moyen,0.11306362431379835,42,Divorcé,2,Indépendant,18,Oui,414,0
630,80921,504.29181875806427,18,Mauvais,0.2902384767288033,61,Divorcé,2,Salarié,20,Non,689,1
631,25486,4140.118829794486,26,Mauvais,0.2630992420010929,52,Célibataire,1,Chômeur,26,Oui,610,1
632,28335,1853.2266195485297,11,Bon,0.16448752479004902,31,Célibataire,0,Salarié,25,Oui,599,1
633,106900,1678.2640408747432,25,Bon,0.36256384140026277,66,Divorcé,3,Indépendant,18,Non,317,1
634,109112,4889.58529294245,21,Moyen,0.4884603629473143,36,Célibataire,3,Chômeur,23,Oui,311,1
635,117203,1084.2095403252415,4,Bon,0.32487552442581,55,Marié,4,Chômeur,25,Non,703,0
636,31130,3496.6503100311365,18,Bon,0.38590131057757837,53,Célibataire,2,Chômeur,12,Oui,531,0
637,107508,4125.059567248345,1,Bon,0.12738018102640672,24,Célibataire,2,Chômeur,27,Oui,577,1
638,80566,301.79912686843124,27,Moyen,0.2670667983267979,47,Divorcé,0,Salarié,13,Oui,652,0
639,86703,3384.8887459366197,7,Bon,0.14654339406579836,36,Marié,5,Indépendant,23,Non,602,1
640,47192,4762.594874341102,6,Bon,0.34511833421460414,66,Célibataire,3,Chômeur,17,Non,840,2
641,21062,708.6778369674909,15,Mauvais,0.4753928632856619,42,Marié,4,Chômeur,11,Non,769,0
642,104076,4491.484383156688,18,Bon,0.36471109298865545,33,Marié,0,Indépendant,3,Oui,376,1
643,109780,3014.405523146987,24,Bon,0.13072121932576863,64,Marié,2,Salarié,9,Oui,820,1
644,41545,3121.362451126123,11,Bon,0.24186648199403316,57,Divorcé,3,Chômeur,28,Non,323,0
645,41689,3103.426456841469,20,Bon,0.32026535177634063,68,Célibataire,4,Salarié,16,Non,314,0
646,31174,1564.2958430528379,24,Bon,0.2612831024533009,25,Divorcé,1,Salarié,3,Oui,824,1
647,108461,4682.488894967352,15,Bon,0.43345760419006896,35,Célibataire,3,Salarié,11,Oui,646,0
648,29348,4742.0172668920895,16,Moyen,0.42586840188399566,45,Célibataire,4,Salarié,12,Oui,471,1
649,43714,3163.992835048344,7,Bon,0.3447324080412886,33,Divorcé,0,Chômeur,28,Oui,626,1
650,58102,3938.771357113912,21,Mauvais,0.2493831780530821,69,Marié,1,Chômeur,26,Non,784,1
651,94460,3100.064130817674,10,Bon,0.20213454950529766,36,Marié,4,Salarié,28,Oui,788,1
652,109930,2473.552393112799,26,Bon,0.14234972728525175,59,Célibataire,4,Salarié,3,Oui,761,0
653,26801,3338.0185796663286,12,Bon,0.24195907339462164,34,Divorcé,2,Indépendant,9,Oui,677,1
654,92267,2809.7071177005964,24,Bon,0.26526900688308785,62,Marié,5,Indépendant,24,Oui,463,0
655,68136,3027.6317268964576,14,Moyen,0.37032917004162946,30,Marié,3,Indépendant,2,Oui,671,1
656,43625,3940.7795117524233,25,Bon,0.36326392971902943,24,Célibataire,2,Chômeur,14,Oui,723,0
657,102873,2456.4287741000257,5,Bon,0.12804325585650278,44,Célibataire,1,Indépendant,1,Oui,776,0
658,92592,299.6951198531166,26,Moyen,0.25810372617246313,27,Divorcé,5,Chômeur,24,Non,681,0
659,97052,903.5974568485365,21,Mauvais,0.1727115468869448,51,Célibataire,4,Chômeur,24,Non,454,0
660,64261,2249.175360798738,18,Moyen,0.16272508212672226,53,Marié,2,Chômeur,16,Non,556,0
661,21542,3651.6501433828857,5,Bon,0.43092085989489837,42,Marié,5,Chômeur,5,Oui,367,1
662,41677,3007.065376719876,3,Moyen,0.11676608668650301,23,Marié,3,Indépendant,25,Non,643,0
663,66732,3286.441510779924,23,Bon,0.26767315036084854,41,Marié,1,Salarié,7,Oui,576,0
664,70343,2448.466750023808,26,Bon,0.1672814623066073,35,Divorcé,0,Salarié,2,Oui,690,0
665,59081,3117.13590751699,5,Bon,0.4517320862713896,40,Divorcé,2,Salarié,26,Oui,748,1
666,82856,1712.1854452918446,24,Bon,0.3228162053100141,23,Célibataire,1,Indépendant,24,Oui,558,0
667,113105,2403.8947042136588,17,Bon,0.1925522545507392,46,Célibataire,0,Salarié,17,Non,606,0
668,108858,3746.9674214152824,19,Bon,0.3009709148665506,42,Célibataire,2,Indépendant,21,Oui,394,0
669,39065,4371.980616968293,19,Moyen,0.39259454388124637,34,Divorcé,1,Indépendant,0,Oui,763,1
670,103460,2224.9111363863058,25,Bon,0.4832472035677735,63,Marié,1,Indépendant,28,Non,545,0
671,108092,313.9421227660698,21,Bon,0.18817840169816757,41,Célibataire,5,Salarié,15,Non,486,0
672,74693,892.195466319333,12,Bon,0.45447270885173807,28,Marié,2,Salarié,6,Non,672,2
673,46962,202.2195825285367,25,Mauvais,0.47372164566699615,43,Célibataire,1,Salarié,2,Oui,705,0
674,48295,3300.9887942629175,29,Bon,0.46656821781282654,68,Célibataire,4,Chômeur,22,Non,707,0
675,33807,1728.3416642400337,9,Bon,0.354165742744764,51,Célibataire,2,Indépendant,3,Oui,424,0
676,62348,2758.145315024901,1,Moyen,0.35192826177388314,45,Célibataire,1,Chômeur,8,Oui,636,2
677,46432,2517.056549240618,18,Moyen,0.2612842532735291,20,Célibataire,5,Indépendant,4,Non,640,0
678,103285,499.4797988068908,21,Bon,0.4009591529215152,28,Marié,0,Salarié,18,Non,477,0
679,111792,2075.980669506776,4,Moyen,0.3125176073403728,55,Célibataire,0,Indépendant,14,Non,469,0
680,77854,1180.749512119384,10,Moyen,0.3709752284913178,31,Marié,4,Indépendant,7,Oui,338,0
681,60262,2150.158964471498,25,Moyen,0.2713831615395182,68,Divorcé,2,Chômeur,5,Oui,368,0
682,57080,1097.5335736769891,7,Bon,0.3925985856172557,43,Célibataire,5,Indépendant,17,Oui,535,0
683,21324,4218.216790756975,22,Moyen,0.42978860704181965,65,Marié,1,Salarié,18,Oui,680,0
684,111267,953.5473492334429,23,Bon,0.15857450264112646,38,Divorcé,1,Indépendant,23,Oui,356,1
685,55909,4807.824702286187,1,Bon,0.43317188622969127,56,Divorcé,0,Indépendant,14,Oui,576,0
686,109339,2137.9460941200095,17,Bon,0.3161186127161229,47,Divorcé,5,Indépendant,25,Non,398,0
687,39870,4246.601930893342,24,Bon,0.4378663636360898,25,Marié,4,Chômeur,6,Oui,826,2
688,54578,3180.947609209131,29,Bon,0.2725206825364058,68,Célibataire,0,Indépendant,9,Non,624,0
689,92124,3703.2164634621877,29,Moyen,0.251616194153214,37,Célibataire,0,Indépendant,5,Non,760,0
690,46790,3861.8470515272234,2,Bon,0.46602429300688897,65,Marié,4,Chômeur,13,Non,478,1
691,45289,2573.7399212757873,28,Bon,0.20046770701936054,49,Célibataire,2,Chômeur,16,Non,418,1
692,75129,2762.172564480113,26,Bon,0.4376849301144573,39,Marié,1,Chômeur,8,Non,768,3
693,113714,2618.579752262752,11,Bon,0.29360822900376166,24,Célibataire,2,Chômeur,18,Oui,848,0
694,114246,2981.486052641388,9,Mauvais,0.3056381770205039,26,Divorcé,5,Salarié,29,Oui,754,0
695,35485,244.03278420688574,7,Bon,0.2233873125957936,62,Célibataire,3,Salarié,4,Oui,325,0
696,64482,2038.0243322601748,22,Bon,0.3292168802476063,18,Marié,3,Indépendant,22,Oui,789,0
697,106188,3070.3246964497407,17,Bon,0.23008447851048452,46,Marié,3,Salarié,6,Non,307,1
698,24748,3028.8454697537354,17,Bon,0.11570776569666093,25,Divorcé,4,Indépendant,18,Non,815,1
699,106769,3985.4848635675944,2,Bon,0.20879944213774243,21,Marié,0,Salarié,19,Non,832,0
700,29435,3309.5457602773317,6,Moyen,0.10255161736263628,52,Célibataire,2,Chômeur,25,Oui,448,1
701,23709,4961.453250069295,14,Mauvais,0.4913419148227427,20,Célibataire,1,Chômeur,6,Oui,787,0
702,50355,1490.8871901823607,6,Bon,0.486298883927899,62,Divorcé,3,Salarié,23,Oui,324,2
703,75771,1859.8400453645343,2,Moyen,0.25806211898892206,57,Marié,2,Salarié,1,Oui,724,1
704,77799,1980.8510441522017,1,Moyen,0.3913483417358584,24,Divorcé,3,Indépendant,24,Non,592,2
705,33116,2382.482754399218,10,Moyen,0.23832243936417,44,Célibataire,3,Indépendant,22,Non,484,1
706,45470,4196.390512527926,21,Bon,0.3684372628343905,18,Divorcé,1,Indépendant,15,Oui,730,0
707,62344,1255.3812604001282,5,Bon,0.4221720172183917,44,Marié,5,Chômeur,12,Oui,616,1
708,62918,3902.4010144736044,2,Bon,0.47870249787689634,33,Divorcé,5,Chômeur,7,Non,697,2
709,72224,2086.0198971201426,22,Moyen,0.2600849103398688,55,Marié,5,Chômeur,5,Non,623,1
710,59298,3049.0913799438417,16,Moyen,0.41331919318241905,24,Marié,4,Chômeur,5,Non,845,0
711,100219,3199.4486128088997,25,Bon,0.2063713802528475,61,Célibataire,0,Indépendant,8,Non,375,0
712,81629,1926.9583222257788,2,Bon,0.49613292151745936,40,Célibataire,4,Chômeur,3,Oui,785,0
713,86040,2611.814505508445,10,Mauvais,0.11030783950574047,58,Célibataire,2,Chômeur,26,Non,387,0
714,119518,2123.852755773715,2,Moyen,0.3414115226004484,28,Marié,4,Chômeur,10,Non,531,0
715,119835,438.7506523144353,16,Mauvais,0.3638023926605308,59,Divorcé,2,Chômeur,4,Non,306,2
716,48016,2242.1104052024502,16,Moyen,0.37521822282965156,50,Marié,2,Salarié,24,Non,849,1
717,43960,577.2276235124057,19,Bon,0.1481550315156356,67,Célibataire,0,Indépendant,16,Oui,351,0
718,53591,2084.6019154935757,29,Bon,0.47541191338925215,53,Célibataire,1,Indépendant,19,Oui,695,0
719,102848,3005.300159175731,7,Moyen,0.17247331162003313,54,Divorcé,0,Chômeur,6,Oui,520,1
720,87641,2939.1330067831536,22,Bon,0.34910136129593644,58,Célibataire,5,Salarié,26,Oui,727,1
721,56395,3346.8442671407697,12,Bon,0.18907043164923398,34,Célibataire,5,Indépendant,14,Oui,442,0
722,42700,566.7813889776688,24,Moyen,0.22288656680850838,52,Célibataire,4,Indépendant,24,Oui,662,0
723,54620,3295.4039030991457,15,Bon,0.3185834166912498,65,Divorcé,2,Chômeur,14,Non,681,0
724,40559,1629.5254778125907,8,Moyen,0.26687736742583057,22,Marié,3,Chômeur,13,Non,576,0
725,113045,2055.325136071844,6,Bon,0.16409024039060252,65,Célibataire,3,Indépendant,12,Non,570,1
726,113396,4304.1326442212585,28,Mauvais,0.1683745609683393,49,Divorcé,2,Indépendant,10,Non,313,0
727,81642,144.24898023479622,27,Bon,0.2672579152651199,20,Célibataire,0,Salarié,27,Oui,597,1
728,96539,2983.2219033689667,10,Bon,0.4029131913102003,69,Divorcé,1,Indépendant,12,Non,763,1
729,41732,3033.698502490527,3,Moyen,0.45918585873911544,64,Célibataire,0,Indépendant,25,Oui,826,1
730,111362,2043.6329040834537,19,Bon,0.13365106490375314,52,Divorcé,2,Chômeur,21,Non,533,0
731,50354,1261.4364998308472,17,Moyen,0.25724156302376044,69,Célibataire,2,Indépendant,27,Non,326,0
732,33843,1249.9027874816004,7,Moyen,0.14009822548915066,31,Marié,1,Chômeur,23,Non,770,0
733,91726,4430.177381337688,21,Bon,0.10663699225303916,65,Célibataire,4,Indépendant,28,Oui,392,0
734,37640,2265.919431536002,20,Bon,0.36468747305758265,48,Divorcé,4,Indépendant,8,Non,608,0
735,72528,1721.3578786469425,26,Bon,0.34097977678663516,48,Célibataire,1,Indépendant,9,Oui,351,2
736,58413,2299.010111773875,4,Bon,0.1652076455259545,34,Marié,4,Salarié,3,Oui,618,2
737,72638,3380.0129671508707,14,Mauvais,0.19352513323722564,41,Célibataire,3,Chômeur,16,Non,480,0
738,72736,814.2071843992833,20,Moyen,0.10948310145780736,69,Divorcé,4,Salarié,13,Oui,419,2
739,88866,2302.2257925473145,22,Moyen,0.4339788822777615,40,Divorcé,4,Indépendant,23,Oui,342,0
740,39087,2980.633418440896,15,Moyen,0.48987623841942063,35,Marié,4,Salarié,17,Non,559,0
741,61430,4748.0584387720255,24,Bon,0.15418381471787634,67,Divorcé,3,Chômeur,10,Non,496,1
742,44504,1337.3861321695545,8,Mauvais,0.19259008550611925,31,Célibataire,4,Indépendant,15,Non,554,2
743,27114,1860.3286647896032,21,Moyen,0.44736380957877364,67,Célibataire,5,Salarié,0,Non,635,0
744,98859,1958.8570906198765,15,Moyen,0.47058551918247393,32,Célibataire,3,Salarié,28,Non,801,0
745,119657,3067.136972459926,22,Moyen,0.2678509531227241,32,Divorcé,1,Chômeur,6,Non,554,0
746,30975,1847.987059896008,20,Bon,0.12024898890762965,23,Célibataire,0,Salarié,27,Oui,813,0
747,31023,2714.2084339685084,28,Moyen,0.11575673347712777,44,Célibataire,1,Chômeur,9,Non,541,1
748,41447,3930.772616240644,14,Bon,0.3295799464276042,32,Célibataire,0,Indépendant,8,Non,448,0
749,110469,3556.3894111497975,27,Bon,0.2571580435572716,67,Marié,1,Indépendant,26,Oui,598,0
750,43959,2287.206367911669,29,Bon,0.11146097103106181,53,Divorcé,5,Salarié,27,Non,752,1
751,86203,4334.659270603428,9,Mauvais,0.3333009569250227,25,Divorcé,0,Indépendant,27,Oui,692,1
752,49703,2834.887223009928,8,Moyen,0.10452101463560899,32,Divorcé,0,Indépendant,24,Non,511,0
753,29337,2745.538613560841,26,Moyen,0.4149487832597092,20,Marié,2,Salarié,2,Non,837,0
754,66427,267.5200531018751,28,Moyen,0.22257312908134863,64,Divorcé,0,Indépendant,21,Oui,430,0
755,81529,4934.795603750092,26,Bon,0.11610320120369284,30,Marié,0,Salarié,22,Non,628,1
756,104665,702.5569617951709,17,Mauvais,0.33534088839326137,58,Marié,2,Chômeur,13,Oui,555,0
757,51921,1232.5414708954684,2,Bon,0.2590737657732219,51,Divorcé,4,Chômeur,25,Non,778,1
758,53307,353.3145024834821,25,Bon,0.4895201653428598,41,Célibataire,4,Chômeur,24,Non,362,1
759,47355,3236.0145375008774,24,Bon,0.3176794650014809,57,Célibataire,2,Salarié,14,Oui,610,0
760,24835,1201.035767166132,3,Moyen,0.21009567241480331,49,Divorcé,3,Salarié,1,Non,706,3
761,40159,982.0511436163451,8,Moyen,0.38377554585358997,49,Divorcé,0,Indépendant,23,Non,404,1
762,67605,533.9223626938829,12,Bon,0.20859680101708455,47,Marié,0,Indépendant,13,Oui,314,0
763,58088,606.2138899076767,1,Bon,0.46169731656302604,69,Divorcé,2,Indépendant,15,Non,558,1
764,98752,2964.8864321686847,10,Moyen,0.24988878820295057,66,Marié,2,Indépendant,6,Oui,711,0
765,75284,3472.218542746318,20,Bon,0.31994742511048213,30,Divorcé,3,Indépendant,3,Non,558,0
766,77043,2047.157043475565,3,Moyen,0.12022924152969156,18,Célibataire,5,Salarié,17,Oui,559,1
767,55547,2451.495699801159,6,Mauvais,0.2704484951808923,51,Célibataire,4,Salarié,23,Non,344,0
768,117007,3461.241906316622,7,Bon,0.43294541586439805,32,Divorcé,1,Chômeur,26,Oui,630,0
769,102844,185.16097190885023,20,Bon,0.4222595221453368,61,Marié,5,Chômeur,4,Oui,464,0
770,47532,1683.3402196443649,23,Moyen,0.1897274235414105,31,Célibataire,4,Chômeur,5,Non,492,1
771,54349,4868.178965544697,25,Moyen,0.1904316284042251,46,Marié,0,Chômeur,29,Non,820,0
772,65445,2942.5499255077934,27,Bon,0.4269221248852947,51,Divorcé,5,Salarié,26,Oui,700,1
773,25713,1345.7004414977168,18,Mauvais,0.4721593680677302,35,Divorcé,2,Salarié,6,Non,673,0
774,76178,2656.4772285174445,11,Bon,0.13814436850920142,24,Célibataire,3,Salarié,14,Oui,364,1
775,69407,1779.002091792485,19,Bon,0.28002345577049015,46,Divorcé,4,Indépendant,25,Non,686,0
776,90340,2708.0004452488656,5,Moyen,0.2349817115856916,48,Célibataire,3,Indépendant,0,Non,794,1
777,70990,716.1334078525792,19,Moyen,0.4482753821829758,42,Marié,4,Chômeur,23,Oui,714,3
778,95672,750.3018037144592,11,Bon,0.1334099658720075,55,Célibataire,5,Indépendant,3,Oui,329,1
779,85545,803.357573993025,24,Moyen,0.18445037702321498,31,Célibataire,0,Salarié,28,Non,565,0
780,104791,4705.116980441525,12,Bon,0.4009873350345977,25,Marié,1,Chômeur,24,Non,627,1
781,78141,3691.204699872575,10,Bon,0.12051753959248623,44,Célibataire,3,Chômeur,0,Non,791,0
782,43793,895.6712838453724,8,Bon,0.2970141522857157,19,Célibataire,3,Indépendant,10,Non,516,0
783,76570,1022.9105104514471,24,Moyen,0.276842813871888,34,Divorcé,1,Chômeur,17,Non,619,0
784,115084,3681.064426867294,28,Bon,0.23376047159549948,54,Marié,3,Indépendant,13,Oui,698,0
785,57892,865.2028394816523,28,Bon,0.2578289261275695,31,Célibataire,3,Indépendant,21,Non,404,2
786,21015,1249.3503373406604,9,Bon,0.3119762347720932,42,Marié,4,Chômeur,10,Non,629,1
787,81813,4820.399480819955,4,Moyen,0.16454694335535325,47,Marié,4,Indépendant,9,Oui,346,0
788,47712,1351.001971169316,5,Moyen,0.32879835131343715,46,Célibataire,1,Indépendant,26,Oui,613,0
789,28415,3341.998516818619,21,Moyen,0.4221729317199946,37,Divorcé,0,Indépendant,29,Oui,446,1
790,82292,4895.293308262599,8,Bon,0.4040643719160636,38,Marié,5,Indépendant,16,Non,761,0
791,43833,1934.054158984984,23,Moyen,0.16155996187750948,39,Célibataire,5,Chômeur,3,Oui,785,1
792,24158,185.82835522410494,9,Bon,0.15969978789658956,52,Marié,3,Salarié,23,Oui,709,1
793,82680,1296.321723069634,15,Moyen,0.20726974709796533,54,Divorcé,0,Salarié,14,Oui,326,0
794,40309,4171.298237574357,15,Mauvais,0.2444298905364149,33,Divorcé,1,Indépendant,25,Oui,328,0
795,26970,4336.58329617968,16,Bon,0.26338223256339305,67,Divorcé,1,Indépendant,15,Non,570,1
796,92474,3865.744886166577,14,Moyen,0.37187888673333813,66,Célibataire,4,Indépendant,20,Non,800,0
797,106704,654.2381134752078,8,Bon,0.12267217286633417,60,Célibataire,3,Salarié,12,Non,552,0
798,66540,3998.0008213123756,18,Bon,0.11386908169042656,34,Divorcé,2,Indépendant,8,Oui,684,1
799,40384,4601.521205268171,10,Bon,0.2567642251775636,33,Célibataire,1,Chômeur,10,Oui,359,2
800,38017,3042.986758476557,28,Bon,0.37886547685519223,19,Divorcé,3,Chômeur,10,Oui,406,1
801,95880,4710.289246056518,20,Bon,0.17737413718259304,21,Célibataire,0,Chômeur,5,Oui,519,0
802,28702,4151.5105301881995,6,Moyen,0.3566017925025007,38,Divorcé,4,Salarié,0,Oui,740,1
803,20384,3368.1604332554457,12,Bon,0.2039312551761198,56,Marié,5,Indépendant,21,Oui,845,0
804,20404,2928.207659887566,2,Moyen,0.4544344435254065,51,Divorcé,0,Indépendant,5,Non,395,3
805,60943,1808.0109694856553,7,Bon,0.45827597770664663,47,Divorcé,1,Indépendant,12,Non,388,1
806,67926,880.5084816897452,16,Bon,0.2189148817125306,23,Célibataire,1,Salarié,21,Oui,530,0
807,49189,3064.27422118365,3,Moyen,0.19199750158529622,34,Célibataire,0,Salarié,23,Non,574,1
808,32763,1658.7466127287855,13,Bon,0.2645215888264925,56,Célibataire,1,Salarié,21,Oui,545,0
809,38384,4345.549470885462,3,Bon,0.1962126340720595,42,Célibataire,3,Salarié,4,Oui,410,0
810,80100,4967.35099305728,27,Moyen,0.36895353731668146,22,Célibataire,1,Chômeur,14,Non,533,0
811,118142,3786.8960368163052,18,Bon,0.4304258738193142,22,Célibataire,4,Salarié,26,Oui,577,1
812,29860,543.3603069065487,11,Bon,0.3692368523644868,37,Marié,3,Salarié,17,Non,776,0
813,100642,1514.5594181001268,8,Bon,0.4297401788997398,33,Divorcé,2,Salarié,19,Oui,716,0
814,70612,634.6371956521737,6,Mauvais,0.2587968648829897,68,Divorcé,1,Indépendant,13,Oui,427,1
815,43574,3287.5070741794075,1,Moyen,0.16252678828354433,58,Divorcé,1,Indépendant,14,Non,536,2
816,43524,3849.4352363233447,28,Moyen,0.3951803789590369,54,Marié,4,Indépendant,25,Oui,427,0
817,89172,4635.806671315488,1,Moyen,0.24418980205662155,57,Divorcé,4,Chômeur,4,Oui,693,0
818,30916,2247.0444974187394,23,Bon,0.36850833009165307,26,Marié,5,Chômeur,25,Oui,774,1
819,24809,4516.740682983377,8,Bon,0.2082575767927063,22,Marié,0,Salarié,3,Non,694,0
820,52201,4401.666679302505,5,Moyen,0.13249185392266907,59,Marié,0,Indépendant,1,Oui,410,0
821,73330,1654.2590121504531,28,Bon,0.4970327181951054,19,Divorcé,0,Chômeur,6,Oui,389,0
822,33456,4357.613065148798,16,Bon,0.16248060317223972,26,Marié,4,Indépendant,9,Oui,579,0
823,76397,1940.7940342204597,11,Bon,0.4953683975853924,60,Divorcé,0,Chômeur,15,Non,632,1
824,58765,1554.6594453453758,5,Bon,0.49091197302657896,53,Divorcé,0,Chômeur,9,Non,523,2
825,54816,3280.465828092526,4,Mauvais,0.41752724156321586,39,Célibataire,2,Salarié,17,Non,400,0
826,65106,1709.0680166368973,6,Bon,0.3637691848327991,39,Célibataire,0,Salarié,16,Non,431,2
827,73932,3188.0228668128066,14,Bon,0.3311228201004339,39,Marié,1,Chômeur,29,Non,312,1
828,37100,3088.175846943603,22,Bon,0.4464406181511339,51,Marié,5,Salarié,20,Oui,756,0
829,77091,2860.850744007448,19,Mauvais,0.2157758086477952,46,Divorcé,4,Chômeur,27,Non,740,1
830,41949,1964.0565507407086,9,Bon,0.2870724849939508,55,Marié,3,Chômeur,12,Non,397,0
831,90080,2787.6486360922363,12,Bon,0.34775598774660077,63,Marié,5,Indépendant,0,Oui,419,0
832,57744,3022.778827428566,11,Moyen,0.26447619034779646,50,Divorcé,2,Salarié,0,Non,592,0
833,65543,2773.8657536278197,14,Moyen,0.27099458163610723,35,Marié,4,Salarié,14,Oui,300,1
834,112193,2277.6553184808877,23,Bon,0.23211386700083378,24,Marié,4,Salarié,0,Non,549,2
835,56187,171.86857952669266,16,Bon,0.32569272667381444,18,Divorcé,1,Indépendant,5,Oui,448,0
836,27239,2976.6023677356397,1,Bon,0.44022981120604643,50,Divorcé,5,Indépendant,24,Oui,694,0
837,34489,925.3774871993263,13,Bon,0.18061135120252514,18,Célibataire,5,Indépendant,25,Non,343,0
838,78017,3248.622247841229,23,Bon,0.47377321550137663,41,Divorcé,0,Salarié,12,Non,343,0
839,81877,3820.7872068220436,21,Bon,0.37563506149929193,21,Célibataire,1,Salarié,26,Oui,377,2
840,63125,2552.1820147406333,21,Bon,0.42930928507201205,21,Marié,0,Salarié,27,Oui,525,1
841,69922,2757.5819584007177,13,Bon,0.32247627705200466,35,Divorcé,0,Indépendant,0,Oui,461,1
842,114074,4762.244942363357,2,Moyen,0.41180668056962544,44,Divorcé,4,Indépendant,4,Oui,552,0
843,52049,4251.120070725614,4,Mauvais,0.10648015893578688,60,Divorcé,5,Chômeur,8,Oui,431,0
844,57131,4579.758928162202,28,Moyen,0.42735216991181413,49,Marié,0,Indépendant,29,Oui,747,2
845,62944,4087.4548127659737,6,Bon,0.11605554363414661,50,Célibataire,2,Chômeur,24,Oui,773,2
846,93963,633.699875048984,26,Bon,0.455965350545145,45,Marié,2,Salarié,16,Non,408,0
847,44285,830.060094253954,27,Mauvais,0.4967850988954573,59,Marié,5,Indépendant,15,Oui,334,0
848,57626,2680.456606617902,23,Bon,0.21762698487071114,58,Divorcé,2,Salarié,7,Non,766,0
849,62808,1305.7413281101915,27,Bon,0.18412742251431746,53,Célibataire,4,Salarié,16,Non,574,0
850,108464,2435.80782770168,5,Bon,0.40614534554321635,23,Marié,1,Salarié,14,Oui,486,1
851,73871,2032.390086709916,25,Moyen,0.2012105363681013,33,Divorcé,3,Salarié,23,Oui,542,0
852,39198,2792.129768309221,3,Moyen,0.44622495326888145,51,Marié,0,Indépendant,0,Non,563,1
853,39758,3759.6910090655315,1,Bon,0.1411370368629907,40,Marié,3,Salarié,11,Oui,821,0
854,35254,3605.9054447864446,4,Bon,0.15038207855174332,67,Divorcé,1,Chômeur,4,Oui,840,1
855,64238,2654.0472491781384,25,Mauvais,0.4916606220402463,59,Divorcé,1,Indépendant,23,Non,386,0
856,21252,4129.727752203585,20,Bon,0.36953555930800186,41,Célibataire,4,Salarié,5,Non,834,0
857,59764,2211.2242485363636,2,Moyen,0.43875488977158117,66,Marié,2,Indépendant,24,Non,509,1
858,97709,4493.9000202166,26,Moyen,0.22973175094060722,30,Divorcé,2,Chômeur,0,Oui,345,0
859,57441,449.27332327030314,5,Moyen,0.37059349980824174,35,Divorcé,1,Salarié,24,Oui,766,1
860,112234,4777.834147163207,3,Bon,0.3376967309234389,30,Célibataire,4,Chômeur,0,Non,839,0
861,73682,3307.996099013606,29,Bon,0.3412600480491788,66,Célibataire,4,Salarié,9,Oui,325,0
862,79494,1962.365093792306,28,Bon,0.37301298381508863,54,Divorcé,5,Chômeur,9,Non,565,2
863,101317,1066.055220207099,29,Moyen,0.3301436692516394,60,Célibataire,0,Salarié,2,Oui,474,0
864,85215,2447.9978242736397,9,Mauvais,0.2716249477210664,56,Divorcé,2,Indépendant,16,Non,815,0
865,98587,1053.335783607975,20,Bon,0.21036907775221875,59,Marié,1,Salarié,18,Oui,610,0
866,26949,915.0248779413965,6,Bon,0.4074325323652809,34,Célibataire,5,Indépendant,27,Non,621,0
867,75393,3125.0236113235737,18,Mauvais,0.19050897200127448,32,Marié,3,Salarié,10,Oui,434,1
868,93553,2663.1151504507447,6,Moyen,0.3769417224617657,35,Marié,2,Salarié,28,Oui,354,0
869,26941,3383.470569593614,19,Moyen,0.19333312905973066,40,Marié,0,Chômeur,17,Non,842,0
870,45934,4655.0687993677475,28,Bon,0.35013206798178154,68,Divorcé,4,Chômeur,1,Oui,830,0
871,43386,2708.075045361297,12,Bon,0.3988313068516116,47,Marié,1,Chômeur,8,Oui,455,0
872,81886,2946.567060987709,25,Moyen,0.1874855555626157,51,Marié,2,Salarié,23,Non,446,0
873,95745,539.1690618592163,11,Moyen,0.12397732034452331,21,Marié,3,Salarié,16,Oui,784,1
874,103251,3616.415350952285,2,Bon,0.15238949719766964,20,Divorcé,0,Salarié,27,Oui,319,0
875,114456,2059.5355133403655,15,Bon,0.3423987869084102,24,Marié,0,Indépendant,13,Oui,568,0
876,73413,4885.953669446637,12,Bon,0.43977856249029423,35,Marié,5,Indépendant,3,Non,632,0
877,76800,4133.552676418735,12,Bon,0.11799872849416976,59,Célibataire,2,Salarié,28,Non,700,0
878,117239,2660.15709852898,9,Bon,0.3936605036166585,24,Divorcé,3,Chômeur,16,Non,605,1
879,62318,703.7910054436136,21,Mauvais,0.23652745838002087,57,Marié,0,Chômeur,16,Non,327,1
880,90173,4311.137387074887,24,Bon,0.291411347967809,23,Célibataire,1,Chômeur,11,Non,766,2
881,90390,4018.9273675777063,2,Moyen,0.47154381993822625,39,Divorcé,0,Salarié,27,Oui,559,2
882,72329,1004.4671347314617,22,Bon,0.2327886018943382,18,Divorcé,3,Chômeur,19,Oui,833,0
883,63088,1546.8636171795195,3,Moyen,0.2861347735757944,21,Divorcé,4,Salarié,17,Non,400,1
884,59811,3987.695564924403,12,Mauvais,0.10547296590427245,63,Divorcé,4,Indépendant,2,Oui,652,1
885,75479,1007.6193880823074,28,Bon,0.13263948800193537,66,Divorcé,5,Chômeur,10,Oui,599,1
886,105392,4596.987196939749,26,Bon,0.20343663645391363,69,Divorcé,2,Indépendant,24,Oui,595,0
887,107369,2180.184383462173,16,Bon,0.11114089632842977,67,Marié,3,Chômeur,17,Oui,652,0
888,39963,526.4909166795273,21,Bon,0.3525501304193004,60,Marié,5,Salarié,3,Non,429,0
889,75123,4097.168353170977,28,Moyen,0.270559342720649,46,Marié,0,Salarié,16,Non,455,0
890,112705,1930.1974468880992,24,Mauvais,0.3192580810912088,38,Marié,0,Salarié,17,Oui,373,0
891,93477,2679.846051353527,26,Bon,0.1698588743585318,43,Célibataire,4,Salarié,4,Oui,641,1
892,34388,650.291287614974,1,Bon,0.21837281177464646,31,Marié,5,Chômeur,13,Non,764,1
893,25569,112.66167274041369,21,Bon,0.3655297899410901,26,Divorcé,4,Indépendant,9,Oui,389,0
894,89836,3226.1275083871583,3,Moyen,0.4861210894521599,64,Marié,1,Salarié,14,Oui,754,0
895,56586,2624.358334635285,20,Bon,0.12016670944088369,29,Marié,4,Chômeur,0,Oui,631,2
896,32015,3008.3389887034214,2,Bon,0.45615372834210643,59,Divorcé,1,Indépendant,15,Non,647,0
897,65002,3989.34486686453,9,Moyen,0.33075248052448336,68,Marié,0,Salarié,10,Non,532,3
898,26254,3268.3689757720144,19,Moyen,0.3255678267022495,68,Marié,5,Indépendant,22,Oui,401,0
899,37144,956.3898698541482,15,Bon,0.30011141408310416,23,Marié,1,Salarié,19,Oui,780,0
900,44214,1867.785343641939,18,Moyen,0.12775763436167337,37,Célibataire,5,Indépendant,5,Oui,513,0
901,100719,4538.866413460026,26,Bon,0.13595074069446428,41,Marié,5,Indépendant,23,Oui,407,0
902,91774,3872.7290312332266,11,Bon,0.3403648022636344,44,Divorcé,1,Salarié,28,Oui,464,0
903,26090,2827.5215838899144,25,Moyen,0.23638342857422334,55,Divorcé,2,Chômeur,21,Oui,634,0
904,31637,1352.6604892654343,23,Moyen,0.4669072266310723,25,Marié,4,Indépendant,15,Non,385,0
905,42415,1580.0964589904956,16,Bon,0.2626362149437889,18,Marié,1,Salarié,29,Non,723,0
906,44071,3686.594531169609,22,Bon,0.15731258348105645,66,Marié,0,Indépendant,1,Oui,663,0
907,78243,4270.753878178577,17,Bon,0.3858875334008144,66,Divorcé,5,Indépendant,0,Non,359,0
908,61240,3389.980880700011,5,Bon,0.21734136857640396,41,Divorcé,3,Chômeur,23,Oui,781,0
909,103807,4066.6968812653645,12,Bon,0.3101881229423573,64,Célibataire,1,Indépendant,23,Oui,549,2
910,53434,3856.6150624819893,11,Bon,0.3791331142020681,24,Célibataire,4,Indépendant,8,Non,416,0
911,89724,833.5494429890929,15,Bon,0.46010564448082814,36,Célibataire,5,Salarié,21,Non,844,0
912,95697,2177.3295832751796,27,Moyen,0.4168764779206705,39,Divorcé,2,Salarié,11,Oui,343,1
913,48732,849.6206240599571,3,Moyen,0.37054442714908964,52,Célibataire,0,Chômeur,16,Oui,808,0
914,31314,1252.6543655297255,1,Moyen,0.3718532729580575,47,Marié,2,Indépendant,29,Non,464,1
915,43954,4359.372160790157,20,Bon,0.4783698576128347,46,Marié,3,Indépendant,24,Non,667,0
916,77108,2417.1706316025925,29,Mauvais,0.21832963899861443,39,Divorcé,1,Indépendant,27,Oui,591,0
917,107044,2723.2546990290384,16,Moyen,0.10044483767847497,28,Célibataire,5,Chômeur,28,Oui,585,0
918,107505,974.3852296160834,2,Moyen,0.20878182375927948,37,Marié,1,Indépendant,14,Oui,503,0
919,56668,1630.1317516391005,2,Moyen,0.1871565518506976,46,Divorcé,4,Salarié,29,Non,823,1
920,43061,1228.2062252965627,3,Mauvais,0.36473383404559934,68,Célibataire,1,Chômeur,18,Oui,420,1
921,99252,1110.3122061402896,8,Bon,0.3534846399062116,58,Marié,0,Salarié,26,Non,487,0
922,59749,3226.0078872482536,24,Bon,0.3373845530818895,59,Célibataire,3,Salarié,21,Oui,312,0
923,36907,1358.7308534640026,28,Moyen,0.10649737728378149,51,Divorcé,2,Chômeur,9,Non,499,0
924,38777,3196.8758815000506,15,Moyen,0.391511221780259,18,Célibataire,3,Salarié,28,Non,755,0
925,113229,386.42760913191415,7,Moyen,0.22941216499419662,48,Divorcé,5,Indépendant,25,Non,747,0
926,71745,794.6945282827991,6,Bon,0.3660223956026525,47,Célibataire,1,Chômeur,26,Non,370,1
927,111865,1445.2472446006143,9,Bon,0.32263137140086134,65,Marié,5,Salarié,11,Oui,429,0
928,101818,3025.5298927888894,20,Bon,0.2370923701711629,35,Divorcé,2,Indépendant,13,Non,342,0
929,43624,3411.622100928142,28,Mauvais,0.15383050684164312,34,Divorcé,5,Indépendant,8,Non,819,0
930,43321,2269.3131372196826,1,Bon,0.13776755906419239,55,Divorcé,4,Salarié,26,Non,312,0
931,30488,2284.375481428422,8,Bon,0.4326073332448894,31,Célibataire,3,Indépendant,12,Oui,834,0
932,42574,3650.132571853229,23,Bon,0.46735901683262326,40,Célibataire,2,Chômeur,2,Oui,601,0
933,25240,177.52334965135395,23,Bon,0.35991521870571985,42,Marié,2,Salarié,20,Oui,826,0
934,63221,1771.3411199236807,3,Moyen,0.14137364594419335,32,Divorcé,2,Indépendant,28,Oui,414,1
935,30478,4111.66457988424,4,Moyen,0.2608108867552963,63,Divorcé,0,Indépendant,13,Oui,759,0
936,75645,3055.775110045524,26,Moyen,0.3915756800420629,39,Célibataire,3,Salarié,20,Oui,804,2
937,39262,1752.4129505015599,25,Bon,0.41192835360402724,20,Célibataire,5,Salarié,9,Non,607,0
938,72796,4537.071482415402,15,Moyen,0.14728744891643544,36,Marié,2,Salarié,15,Non,624,1
939,24432,3885.8513645019743,6,Bon,0.10001228753815297,61,Marié,3,Salarié,6,Non,474,0
940,115257,1397.9876914599938,15,Moyen,0.384854818352242,51,Célibataire,2,Chômeur,3,Oui,813,1
941,84291,3261.9202038760127,21,Bon,0.24263847039448228,52,Divorcé,4,Salarié,26,Non,471,2
942,99104,3019.178568125888,3,Bon,0.20179253264730412,67,Marié,4,Chômeur,19,Non,801,1
943,79399,2065.820778791015,25,Moyen,0.10515898791581019,18,Célibataire,4,Chômeur,22,Oui,633,0
944,99714,1898.0847881035234,21,Mauvais,0.31611976270459985,69,Célibataire,1,Salarié,24,Non,583,1
945,70428,1783.4463264009494,21,Bon,0.4404602941703927,38,Divorcé,2,Chômeur,10,Oui,774,3
946,107731,3124.0633386386694,14,Moyen,0.4830526585090352,46,Célibataire,1,Salarié,15,Non,353,0
947,20302,2267.8086887552804,20,Bon,0.3262979802453157,23,Célibataire,3,Salarié,19,Oui,757,0
948,102558,4176.129254931968,14,Bon,0.3057845310959577,54,Marié,1,Indépendant,3,Oui,719,1
949,20055,3381.052819056413,4,Bon,0.13402255419569645,18,Célibataire,3,Salarié,21,Oui,708,0
950,28717,442.66486797622724,12,Bon,0.3195491206170399,68,Célibataire,3,Indépendant,21,Non,603,0
951,48699,3236.8242967580136,17,Bon,0.2519916315861579,18,Marié,3,Chômeur,22,Non,521,2
952,93686,1428.6224388509056,7,Bon,0.3428541123534308,44,Divorcé,5,Indépendant,16,Oui,832,0
953,87661,3004.7787591017714,9,Bon,0.2554905391506187,38,Divorcé,1,Chômeur,12,Oui,457,1
954,64247,3432.6464624069117,3,Mauvais,0.1961196493801467,33,Marié,5,Salarié,10,Non,647,0
955,36748,1231.0630268546593,28,Bon,0.13798611009135062,61,Marié,2,Chômeur,29,Non,458,0
956,24621,2338.6073599138062,13,Moyen,0.22596737783555831,57,Divorcé,1,Chômeur,2,Oui,534,0
957,35034,1032.5918278134322,15,Bon,0.13865793371510093,43,Divorcé,2,Salarié,8,Non,704,0
958,25126,356.46049135389075,18,Moyen,0.17075878032959357,33,Divorcé,2,Chômeur,5,Non,556,1
959,25122,1954.5344750807585,19,Bon,0.49493446343181835,45,Divorcé,3,Salarié,21,Non,346,1
960,38030,1878.4269320453607,1,Bon,0.27764142276264747,18,Divorcé,1,Indépendant,20,Oui,512,0
961,102838,4977.85440445086,6,Bon,0.3127487066020066,53,Marié,2,Salarié,10,Oui,778,0
962,104717,2287.1265208684467,27,Bon,0.4494474114948862,27,Célibataire,4,Salarié,15,Non,786,0
963,75658,1734.490792413782,27,Bon,0.4982275601962751,60,Divorcé,2,Chômeur,18,Oui,641,0
964,58638,2944.3275329117055,23,Moyen,0.3330857797378726,34,Divorcé,4,Indépendant,26,Non,823,0
965,87067,534.9602311280655,27,Moyen,0.4249895284176687,40,Célibataire,1,Salarié,4,Non,802,0
966,108869,4812.1621061785845,27,Moyen,0.23077640973467012,24,Célibataire,5,Indépendant,13,Oui,305,0
967,54674,3211.3042233960623,2,Moyen,0.22229758297891644,61,Célibataire,1,Indépendant,16,Oui,443,1
968,55854,3798.705317710154,24,Bon,0.2610814883978241,24,Célibataire,5,Chômeur,2,Oui,560,0
969,66271,935.3418970521959,14,Bon,0.36900290506945965,61,Célibataire,5,Salarié,3,Non,531,1
970,93688,2106.441479725499,6,Bon,0.37287667570203953,32,Célibataire,1,Chômeur,15,Non,569,2
971,58518,2171.1766556413286,14,Bon,0.22609577385978033,51,Marié,2,Salarié,15,Oui,746,3
972,30267,4126.851575115325,4,Bon,0.1532839696546515,63,Célibataire,0,Indépendant,20,Oui,521,0
973,110825,106.05973082110627,21,Bon,0.3529585025862034,62,Célibataire,2,Salarié,25,Oui,351,1
974,21062,1574.1802309309498,8,Bon,0.1513303448755058,21,Marié,2,Salarié,24,Non,415,0
975,70448,4908.058234287089,3,Bon,0.33139700329173205,31,Célibataire,3,Indépendant,3,Non,837,0
976,115462,2426.9440631804714,19,Moyen,0.3773688512225236,31,Divorcé,3,Indépendant,18,Non,840,0
977,26229,1974.3787731956404,14,Moyen,0.3802445985577807,33,Divorcé,2,Salarié,25,Oui,318,0
978,76793,687.1621098864671,27,Bon,0.4013888442638387,24,Célibataire,4,Chômeur,16,Oui,691,2
979,67915,4873.406680277276,20,Mauvais,0.4491437686262658,49,Marié,5,Salarié,12,Non,718,2
980,24632,198.1291440365399,17,Mauvais,0.29998359678591535,36,Divorcé,3,Indépendant,25,Oui,608,0
981,23596,3712.1831025354913,25,Bon,0.3920996758118285,19,Marié,2,Chômeur,21,Oui,485,1
982,26168,3866.1390434636915,8,Bon,0.34766909414633473,27,Divorcé,0,Indépendant,22,Oui,560,1
983,27561,1293.9179087129464,24,Bon,0.17465597591907303,67,Célibataire,4,Indépendant,25,Oui,827,0
984,93794,3390.636373703883,14,Mauvais,0.11027585794776328,34,Marié,1,Chômeur,23,Non,572,0
985,102152,555.3528074590106,26,Moyen,0.2138165542707735,54,Marié,2,Indépendant,27,Oui,459,0
986,46734,1359.5316055171913,6,Bon,0.27721348253504774,29,Marié,2,Indépendant,0,Non,523,0
987,26371,3960.7197426320986,23,Bon,0.34684237777146254,23,Divorcé,5,Indépendant,11,Non,555,0
988,46069,4336.962340964347,22,Bon,0.4399837322012822,39,Divorcé,4,Indépendant,3,Oui,479,1
989,99905,3081.5834220329775,16,Bon,0.17849828668246626,49,Divorcé,3,Indépendant,10,Non,319,1
990,32910,2583.5083159203646,25,Bon,0.15021991595939085,58,Célibataire,3,Indépendant,4,Non,767,1
991,93479,880.5897010330035,19,Moyen,0.4853919789897311,37,Divorcé,3,Indépendant,1,Oui,509,2
992,97735,409.2342620878358,14,Moyen,0.14321782375056286,18,Célibataire,1,Indépendant,16,Non,812,2
993,101264,676.4802395204373,19,Moyen,0.2913964280428757,64,Marié,4,Indépendant,7,Non,357,1
994,43275,1214.0507704708841,3,Moyen,0.3342254915173207,23,Marié,4,Salarié,5,Non,392,0
995,92274,1774.2050592949122,10,Moyen,0.3165497683629753,36,Célibataire,3,Salarié,20,Non,520,0
996,101449,1966.4566750038373,19,Bon,0.1344128628131773,35,Divorcé,3,Indépendant,28,Non,531,2
997,80004,1796.9766660861173,9,Moyen,0.12281076560144776,23,Célibataire,5,Salarié,8,Non,663,0
998,82981,1271.3711277666014,28,Bon,0.14219337098441429,62,Marié,0,Chômeur,12,Non,673,0
999,104659,2597.648809083321,20,Moyen,0.334235073549045,50,Marié,0,Salarié,10,Non,755,1
1000,74553,4143.901930341195,13,Bon,0.3177379550537285,40,Célibataire,2,Indépendant,28,Oui,387,0
